CustomerId,CustomerName,CustomerOccupation,CustomerPhone,CustomerTypeId
RH-19495,Rick Hansen,Scientist,212-555-0184,1
JR-16210,Justin Ritter,Entrepreneur,212-555-0185,1
CR-12730,Craig Reiter,Manager,212-555-0186,1
KM-16375,Katherine Murray,Student,212-555-0187,1
RH-9495,Rick Hansen,Technician,212-555-0188,1
JM-15655,Jim Mitchum,Admin,212-555-0189,1
TS-21340,Toby Swindell,Data Engineer,315-444-0234,1
MB-18085,Mick Brown,Advisor,315-444-0235,1
JW-15220,Jane Waco,Student,315-444-0236,1
JH-15985,Joseph Holt,Technician,315-444-0237,1
GM-14695,Greg Maxwell,Admin,315-444-0238,1
AJ-10780,Anthony Jacobs,Data Engineer,315-444-0239,1
MM-7260,Magdelene Morse,Advisor,315-444-0240,1
VF-21715,Vicky Freymann,Student,315-444-0241,1
PF-19120,Peter Fuller,Technician,315-444-0242,1
BP-11185,Ben Peterman,Admin,315-444-0243,2
TB-21175,Thomas Boland,Data Engineer,315-444-0244,1
PJ-18835,Patrick Jones,Advisor,315-444-0245,1
JS-15685,Jim Sink,Student,315-444-0246,1
RH-9555,Ritsa Hightower,Technician,315-444-0247,1
AB-600,Ann Blume,Admin,315-444-0248,1
SA-20830,Sue Ann Reed,Data Engineer,315-444-0249,1
JK-15325,Jason Klamczynski,Advisor,315-444-0250,2
LB-16795,Laurel Beltran,Student,315-444-0251,1
NP-18325,Naresj Patel,Technician,315-444-0252,2
VD-21670,Valerie Dominguez,Admin,315-444-0253,1
PB-19210,Phillip Breyer,Data Engineer,315-444-0254,1
EB-14110,Eugene Barchas,Advisor,315-444-0255,1
KF-16285,Karen Ferguson,Student,212-555-0190,1
BP-11230,Benjamin Patterson,Technician,212-555-0191,1
RR-19525,Rick Reed,Admin,212-555-0192,1
BS-11365,Bill Shonely,Data Engineer,212-555-0193,1
JE-15745,Joel Eaton,Advisor,212-555-0194,1
DP-13105,Dave Poirier,Student,212-555-0195,1
NP-18700,Nora Preis,Technician,212-555-0196,1
AH-30,Aaron Hawkins,Admin,212-555-0197,1
DM-13015,Darrin Martin,Data Engineer,212-555-0198,1
GT-14635,Grant Thornton,Advisor,212-555-0199,1
PO-18865,Patrick O'Donnell,Student,212-555-0200,1
DL-12865,Dan Lawera,Technician,212-555-0201,2
JB-16000,Joy Bell-,Admin,212-555-0202,1
BF-11005,Barry Franz,Data Engineer,212-555-0203,1
VG-21805,Vivek Grady,Advisor,212-555-0204,1
GT-14710,Greg Tran,Student,212-555-0205,1
ZC-21910,Zuschuss Carroll,Technician,212-555-0206,3
SC-20095,Sanjit Chand,Admin,212-555-0207,2
EB-13840,Ellis Ballard,Data Engineer,212-555-0208,1
AP-10915,Arthur Prichep,Advisor,212-555-0209,3
SW-20275,Scott Williamson,Student,212-555-0210,2
JH-15820,John Huston,Technician,212-555-0211,2
LC-16885,Lena Creighton,Admin,212-555-0212,1
TG-11640,Trudy Glocke,Data Engineer,212-555-0213,1
HR-14830,Harold Ryan,Advisor,212-555-0214,1
DG-3300,Deirdre Greer,Student,212-555-0215,1
SG-20470,Sheri Gordon,Technician,212-555-0216,1
FH-14365,Fred Hopkins,Admin,212-555-0217,1
GP-14740,Guy Phonely,Data Engineer,212-555-0218,1
MW-18220,Mitch Webber,Advisor,212-555-0219,1
PO-18850,Patrick O'Brill,Student,212-555-0220,1
CS-12460,Chuck Sachs,Technician,212-555-0221,1
KD-16495,Keith Dawkins,Admin,212-555-0222,2
MS-17980,Michael Stewart,Data Engineer,212-555-0223,1
KC-16675,Kimberly Carter,Advisor,212-555-0224,1
DB-13405,Denny Blanton,Student,212-555-0225,1
JD-15895,Jonathan Doherty,Technician,212-555-0226,1
DK-13090,Dave Kipp,Admin,212-555-0227,1
CS-11845,Cari Sayre,Data Engineer,212-555-0228,1
EM-14200,Evan Minnotte,Advisor,212-555-0229,1
DW-3480,Dianna Wilson,Student,212-555-0230,1
AS-10225,Alan Schoenberger,Technician,212-555-0231,1
ST-20530,Shui Tom,Admin,212-555-0232,1
BW-1065,Barry Weirich,Data Engineer,212-555-0233,1
LA-16780,Laura Armstrong,Advisor,212-555-0234,1
AB-10150,Aimee Bixby,Student,212-555-0235,1
CM-12385,Christopher Martinez,Technician,212-555-0236,1
BE-11410,Bobby Elias,Admin,212-555-0237,1
SZ-20035,Sam Zeldin,Data Engineer,212-555-0238,1
RM-19375,Raymond Messe,Advisor,212-555-0239,2
HG-14845,Harry Greene,Student,212-555-0240,2
DP-3105,Dave Poirier,Technician,212-555-0241,2
AR-10540,Andy Reiter,Admin,212-555-0242,1
TP-21415,Tom Prescott,Data Engineer,212-555-0243,2
AM-10705,Anne McFarland,Advisor,212-555-0244,2
AB-255,Alejandro Ballentine,Student,212-555-0245,1
RP-19270,Rachel Payne,Technician,212-555-0246,1
BK-11260,Berenike Kampe,Admin,212-555-0247,1
JM-15250,Janet Martin,Data Engineer,212-555-0248,1
LW-16990,Lindsay Williams,Advisor,212-555-0249,1
NZ-18565,Nick Zandusky,Student,212-555-0250,1
SV-10815,Stuart Van,Technician,212-555-0251,1
SC-20695,Steve Chapman,Admin,212-555-0252,1
NC-18625,Noah Childs,Data Engineer,212-555-0253,1
NF-18385,Natalie Fritzler,Advisor,212-555-0254,1
PM-18940,Paul MacIntyre,Student,212-555-0255,1
MZ-17335,Maria Zettner,Technician,212-555-0256,1
HM-4980,Henry MacAllister,Admin,212-555-0257,1
RW-19540,Rick Wilson,Data Engineer,212-555-0258,1
LH-17155,Logan Haushalter,Advisor,212-555-0259,1
KM-16660,Khloe Miller,Student,212-555-0260,1
AB-10060,Adam Bellavance,Technician,212-555-0261,1
DB-13060,Dave Brooks,Admin,212-555-0262,1
VM-21685,Valerie Mitchum,Data Engineer,212-555-0263,1
DM-13525,Don Miller,Advisor,212-555-0264,1
NM-18520,Neoma Murray,Student,212-555-0265,1
RO-19780,Rose O'Brian,Technician,212-555-0266,1
SB-20185,Sarah Brown,Admin,212-555-0267,1
EM-14065,Erin Mull,Data Engineer,212-555-0268,1
RS-19765,Roland Schwarz,Advisor,212-555-0269,1
ON-18715,Odella Nelson,Student,212-555-0270,1
VS-21820,Vivek Sundaresam,Technician,212-555-0271,1
CM-12115,Chad McGuire,Admin,212-555-0272,1
TB-21400,Tom Boeckenhauer,Data Engineer,212-555-0273,1
AB-10105,Adrian Barton,Advisor,212-555-0274,1
DW-13540,Don Weiss,Student,212-555-0275,2
PS-19045,Penelope Sewall,Technician,212-555-0276,2
CC-12370,Christopher Conant,Admin,212-555-0277,1
TC-21295,Toby Carlisle,Data Engineer,212-555-0278,1
GM-14440,Gary McGarr,Advisor,212-555-0279,2
SV-20815,Stuart Van,Student,212-555-0280,1
MM-17920,Michael Moore,Technician,212-555-0281,1
JK-16120,Julie Kriz,Admin,212-555-0282,1
DJ-13510,Don Jones,Data Engineer,212-555-0283,1
AT-10435,Alyssa Tate,Advisor,212-555-0284,1
AB-10015,Aaron Bergman,Student,212-555-0285,1
RP-19390,Resi Pölking,Technician,212-555-0286,3
MJ-17740,Max Jones,Admin,212-555-0287,1
PV-18985,Paul Van Hugh,Data Engineer,212-555-0288,3
SB-20290,Sean Braxton,Advisor,212-555-0289,3
SM-10005,Sally Matthias,Student,212-555-0290,1
KH-16330,Katharine Harms,Technician,212-555-0291,1
MP-18175,Mike Pelletier,Admin,212-555-0292,1
LH-17020,Lisa Hazard,Data Engineer,212-555-0293,1
ND-18370,Natalie DeCherney,Advisor,212-555-0294,1
CR-12625,Corey Roper,Student,212-555-0295,1
GM-14680,Greg Matthias,Technician,212-555-0296,1
RA-19945,Ryan Akin,Admin,212-555-0297,1
BW-11110,Bart Watters,Data Engineer,212-555-0298,1
RF-19735,Roland Fjeld,Advisor,212-555-0299,1
AG-10675,Anna Gayman,Student,212-555-0300,1
DM-12955,Dario Medina,Technician,212-555-0301,1
KD-16270,Karen Daniels,Admin,212-555-0302,1
BE-11335,Bill Eplett,Data Engineer,212-555-0303,1
SO-20335,Sean O'Donnell,Advisor,212-555-0304,1
DK-12835,Damala Kotsonis,Student,212-555-0305,1
LC-7050,Liz Carlisle,Technician,212-555-0306,1
CG-12520,Claire Gute,Admin,212-555-0307,1
TB-21280,Toby Braunhardt,Data Engineer,212-555-0308,1
HG-15025,Hunter Glantz,Advisor,212-555-0309,1
AD-10180,Alan Dominguez,Student,212-555-0310,1
BP-11155,Becky Pak,Technician,212-555-0311,1
AA-10480,Andrew Allen,Admin,212-555-0312,1
RL-19615,Rob Lucas,Data Engineer,212-555-0313,1
CS-12505,Cindy Stewart,Advisor,212-555-0314,1
SW-20245,Scot Wooten,Student,212-555-0315,2
TA-21385,Tom Ashbrook,Technician,212-555-0316,2
YC-21895,Yoseph Carroll,Admin,212-555-0317,2
JM-15580,Jill Matthias,Data Engineer,212-555-0318,1
MZ-7335,Maria Zettner,Advisor,212-555-0319,1
JF-15295,Jason Fortune-,Student,212-555-0320,1
JL-15835,John Lee,Technician,212-555-0321,1
DJ-3510,Don Jones,Admin,212-555-0322,1
MF-18250,Monica Federle,Data Engineer,212-555-0323,1
JE-15610,Jim Epp,Advisor,212-555-0324,1
CP-12340,Christine Phan,Student,212-555-0325,1
EH-14125,Eugene Hildebrand,Technician,212-555-0326,1
NC-18340,Nat Carroll,Admin,212-555-0327,1
JS-16030,Joy Smith,Data Engineer,212-555-0328,1
AM-10360,Alice McCarthy,Advisor,212-555-0329,1
JF-15190,Jamie Frazer,Student,212-555-0330,1
JG-15160,James Galang,Technician,212-555-0331,1
DP-13390,Dennis Pardue,Admin,212-555-0332,1
AG-10330,Alex Grayson,Data Engineer,212-555-0333,1
GK-14620,Grace Kelly,Advisor,212-555-0334,1
NF-18475,Neil Französisch,Student,212-555-0335,1
DR-12940,Daniel Raglin,Technician,212-555-0336,1
NB-18655,Nona Balk,Admin,212-555-0337,1
NM-18445,Nathan Mautz,Data Engineer,212-555-0338,1
NP-18670,Nora Paige,Advisor,212-555-0339,1
SC-20380,Shahid Collister,Student,212-555-0340,2
PA-9060,Pete Armstrong,Technician,212-555-0341,1
RB-19570,Rob Beeghly,Admin,212-555-0342,1
SR-20740,Steven Roelle,Data Engineer,212-555-0343,1
RH-19510,Rick Huthwaite,Advisor,212-555-0344,1
LH-16750,Larry Hughes,Student,212-555-0345,1
KB-16585,Ken Black,Technician,212-555-0346,2
EM-13810,Eleni McCrary,Admin,212-555-0347,1
MZ-7515,Mary Zewe,Data Engineer,212-555-0348,2
DM-13345,Denise Monton,Advisor,212-555-0349,2
CA-11965,Carol Adams,Student,212-555-0350,1
SC-20305,Sean Christensen,Technician,212-555-0351,1
MH-18115,Mick Hernandez,Admin,212-555-0352,1
KS-16300,Karen Seio,Data Engineer,212-555-0353,1
BG-11740,Bruce Geld,Advisor,212-555-0354,1
CR-2625,Corey Roper,Student,212-555-0355,1
CB-12415,Christy Brittain,Technician,212-555-0356,1
AP-10720,Anne Pryor,Admin,212-555-0357,1
CR-12820,Cyra Reiten,Data Engineer,212-555-0358,1
BF-11080,Bart Folk,Advisor,212-555-0359,1
JM-15265,Janet Molinari,Student,212-555-0360,1
TW-21025,Tamara Willingham,Technician,212-555-0361,1
RB-19330,Randy Bradley,Admin,212-555-0362,1
JA-15970,Joseph Airdo,Data Engineer,212-555-0363,1
AB-60,Adam Bellavance,Advisor,212-555-0364,1
JR-5670,Jim Radford,Student,212-555-0365,2
MD-17350,Maribeth Dona,Technician,212-555-0366,2
PK-19075,Pete Kriz,Admin,212-555-0367,1
TP-21130,Theone Pippenger,Data Engineer,212-555-0368,1
JK-15640,Jim Kriz,Advisor,212-555-0369,1
CD-11920,Carlos Daly,Student,212-555-0370,1
JL-5835,John Lee,Technician,212-555-0371,1
EP-13915,Emily Phan,Admin,212-555-0372,1
MS-17770,Maxwell Schwartz,Data Engineer,212-555-0373,1
CM-12655,Corinna Mitchell,Advisor,212-555-0374,1
JC-6105,Julie Creighton,Student,212-555-0375,1
GB-14530,George Bell,Technician,212-555-0376,1
JH-16180,Justin Hirsh,Admin,212-555-0377,1
MT-8070,Michelle Tran,Data Engineer,212-555-0378,1
CV-2805,Cynthia Voltz,Advisor,212-555-0379,2
NH-18610,Nicole Hansen,Student,212-555-0380,1
HJ-14875,Heather Jas,Technician,212-555-0381,2
JL-15175,James Lanier,Admin,212-555-0382,1
MY-18295,Muhammed Yedwab,Data Engineer,212-555-0383,1
MW-18235,Mitch Willingham,Advisor,212-555-0384,3
KC-16540,Kelly Collister,Student,212-555-0385,3
HA-14920,Helen Andreada,Technician,212-555-0386,1
MT-17815,Meg Tillman,Admin,212-555-0387,1
FW-14395,Fred Wasserman,Data Engineer,212-555-0388,1
BH-11710,Brosina Hoffman,Advisor,212-555-0389,1
DK-12895,Dana Kaydos,Student,212-555-0390,1
SC-20845,Sung Chung,Technician,212-555-0391,1
CY-12745,Craig Yedwab,Admin,212-555-0392,1
HL-15040,Hunter Lopez,Data Engineer,212-555-0393,1
CT-11995,Carol Triggs,Advisor,212-555-0394,1
GR-4560,Georgia Rosenberg,Student,212-555-0395,1
TT-21070,Ted Trevino,Technician,212-555-0396,1
PO-19195,Phillina Ober,Admin,212-555-0397,1
ED-13885,Emily Ducich,Data Engineer,212-555-0398,1
TM-21490,Tony Molinari,Advisor,212-555-0399,2
AW-10840,Anthony Witt,Student,212-555-0400,2
AT-10735,Annie Thurman,Technician,212-555-0401,2
SG-10605,Speros Goranitis,Admin,212-555-0402,1
BM-11785,Bryan Mills,Data Engineer,212-555-0403,1
DK-13375,Dennis Kane,Advisor,212-555-0404,1
PF-19225,Phillip Flathmann,Student,212-555-0405,1
TG-21310,Toby Gnade,Technician,212-555-0406,1
SF-10200,Sarah Foster,Admin,212-555-0407,1
JW-5220,Jane Waco,Data Engineer,212-555-0408,1
CC-12100,Chad Cunningham,Advisor,212-555-0409,1
RD-19930,Russell D'Ascenzo,Student,212-555-0410,1
BP-1230,Benjamin Patterson,Technician,212-555-0411,1
CS-12175,Charles Sheldon,Admin,212-555-0412,1
JD-16060,Julia Dunbar,Data Engineer,212-555-0413,1
GH-14665,Greg Hansen,Advisor,212-555-0414,1
CM-11935,Carlos Meador,Student,212-555-0415,3
RB-9465,Rick Bensley,Technician,212-555-0416,1
RB-19795,Ross Baird,Admin,212-555-0417,1
DL-13495,Dionis Lloyd,Data Engineer,212-555-0418,1
TS-21205,Thomas Seio,Advisor,212-555-0419,1
MV-8190,Mike Vittorini,Student,212-555-0420,1
BD-11560,Brendan Dodson,Technician,212-555-0421,1
PS-18760,Pamela Stobb,Admin,212-555-0422,1
FM-14215,Filia McAdams,Data Engineer,212-555-0423,1
CA-12775,Cynthia Arntzen,Technician,212-555-0424,1
CD-12790,Cynthia Delaney,Admin,212-555-0425,1
NL-18310,Nancy Lomonaco,Data Engineer,212-555-0426,1
TB-21055,Ted Butterfield,Technician,212-555-0427,1
EH-4125,Eugene Hildebrand,Admin,212-555-0428,1
KB-16600,Ken Brennan,Data Engineer,212-555-0429,1
KW-16435,Katrina Willman,Technician,212-555-0430,1
MG-17695,Maureen Gnade,Admin,212-555-0431,1
HM-14860,Harry Marie,Data Engineer,212-555-0432,1
BP-11290,Beth Paige,Technician,212-555-0433,1
HZ-4950,Henia Zydlo,Admin,212-555-0434,1
TC-20980,Tamara Chand,Data Engineer,212-555-0435,1
EM-13825,Elizabeth Moffitt,Technician,212-555-0436,1
BS-11800,Bryan Spruell,Admin,212-555-0437,1
DV-13465,Dianna Vittorini,Data Engineer,212-555-0438,1
MB-17305,Maria Bertelson,Technician,212-555-0439,1
PC-19000,Pauline Chand,Admin,212-555-0440,1
CA-12310,Christine Abelman,Data Engineer,212-555-0441,1
KC-16255,Karen Carlisle,Technician,212-555-0442,1
DB-3660,Duane Benoit,Admin,212-555-0443,1
SC-20260,Scott Cohen,Data Engineer,212-555-0444,1
BD-11500,Bradley Drucker,Technician,212-555-0445,1
BM-11140,Becky Martin,Admin,212-555-0446,1
KB-16315,Karl Braun,Data Engineer,212-555-0447,1
JM-15865,John Murray,Technician,212-555-0448,1
AF-10885,Art Foster,Admin,212-555-0449,1
SJ-20500,Shirley Jackson,Data Engineer,212-555-0450,1
WB-21850,William Brown,Technician,212-555-0451,1
CC-12610,Corey Catlett,Admin,212-555-0452,1
BE-11455,Brad Eason,Data Engineer,212-555-0453,1
TG-21640,Trudy Glocke,Technician,212-555-0454,1
MS-17365,Maribeth Schnelling,Admin,212-555-0455,1
NP-18685,Nora Pelletier,Data Engineer,212-555-0456,1
RM-19675,Robert Marley,Technician,212-555-0457,1
SN-20560,Skye Norling,Admin,212-555-0458,1
CD-12280,Christina DeMoss,Data Engineer,212-555-0459,1
BG-11035,Barry Gonzalez,Technician,212-555-0460,1
CC-12550,Clay Cheatham,Admin,212-555-0461,1
SV-20785,Stewart Visinsky,Data Engineer,212-555-0462,1
HW-14935,Helen Wasserman,Technician,212-555-0463,1
AS-10285,Alejandro Savely,Admin,212-555-0464,1
LD-16855,Lela Donovan,Data Engineer,212-555-0465,1
NS-18505,Neola Schneider,Technician,212-555-0466,1
CM-12715,Craig Molinari,Admin,212-555-0467,3
JD-6060,Julia Dunbar,Data Engineer,212-555-0468,1
MG-17680,Maureen Gastineau,Technician,212-555-0469,1
DB-13210,Dean Braden,Admin,212-555-0470,2
CS-11860,Cari Schnelling,Data Engineer,212-555-0471,3
GG-14650,Greg Guthrie,Technician,212-555-0472,2
BN-11470,Brad Norvell,Admin,212-555-0473,1
BS-1665,Brian Stugart,Data Engineer,212-555-0474,1
AC-10450,Amy Cox,Technician,212-555-0475,1
CK-12205,Chloris Kastensmidt,Admin,212-555-0476,1
JD-16150,Justin Deggeller,Data Engineer,212-555-0477,1
CC-2550,Clay Cheatham,Technician,212-555-0478,1
MS-17830,Melanie Seite,Admin,212-555-0479,1
SM-20950,Suzanne McNair,Data Engineer,212-555-0480,1
CL-12700,Craig Leslie,Technician,212-555-0481,2
CM-12160,Charles McCrossin,Admin,212-555-0482,2
JC-15775,John Castell,Data Engineer,212-555-0483,1
LH-16900,Lena Hernandez,Technician,212-555-0484,1
DV-13045,Darrin Van Huff,Admin,212-555-0485,1
BT-11530,Bradley Talbott,Data Engineer,212-555-0486,1
BM-1650,Brian Moss,Technician,212-555-0487,1
MG-18205,Mitch Gastineau,Admin,212-555-0488,1
RB-19705,Roger Barcio,Data Engineer,212-555-0489,1
FC-14245,Frank Carlisle,Technician,212-555-0490,2
TT-21220,Thomas Thornton,Admin,212-555-0491,1
SJ-20215,Sarah Jordon,Data Engineer,212-555-0492,1
PB-18805,Patrick Bzostek,Technician,212-555-0493,1
RW-19690,Robert Waldorf,Admin,212-555-0494,1
DB-3360,Dennis Bolton,Data Engineer,212-555-0495,1
DK-13150,David Kendrick,Technician,212-555-0496,2
RW-9540,Rick Wilson,Admin,212-555-0497,1
MP-17470,Mark Packer,Data Engineer,212-555-0498,1
TB-21625,Trudy Brown,Technician,212-555-0499,1
MO-17800,Meg O'Connel,Admin,212-555-0500,1
MR-17545,Mathew Reese,Data Engineer,212-555-0501,3
LC-17050,Liz Carlisle,Technician,212-555-0502,1
RA-19885,Ruben Ausman,Admin,212-555-0503,1
MG-8145,Mike Gockenbach,Data Engineer,212-555-0504,3
JE-16165,Justin Ellison,Technician,212-555-0505,1
JK-16090,Juliana Krohn,Admin,212-555-0506,1
EM-13960,Eric Murdock,Data Engineer,212-555-0507,1
DJ-13420,Denny Joy,Technician,212-555-0508,1
BO-11425,Bobby Odegard,Admin,212-555-0509,1
LW-17215,Luke Weiss,Data Engineer,212-555-0510,1
PJ-19015,Pauline Johnson,Technician,212-555-0511,1
KM-16720,Kunst Miller,Admin,212-555-0512,1
BG-11695,Brooke Gillingham,Data Engineer,212-555-0513,1
CS-12130,Chad Sievert,Technician,212-555-0514,1
MC-17425,Mark Cousins,Admin,212-555-0515,1
BD-1635,Brian Derr,Data Engineer,212-555-0516,1
RF-19345,Randy Ferguson,Technician,212-555-0517,1
MG-7680,Maureen Gastineau,Admin,212-555-0518,1
KH-16690,Kristen Hastings,Data Engineer,212-555-0519,1
CC-12475,Cindy Chapman,Technician,212-555-0520,2
LT-16765,Larry Tron,Admin,212-555-0521,1
BF-10975,Barbara Fisher,Data Engineer,212-555-0522,1
CJ-12010,Caroline Jumper,Technician,212-555-0523,1
SH-9975,Sally Hughsby,Admin,212-555-0524,1
SL-20155,Sara Luxemburg,Data Engineer,212-555-0525,1
NC-8340,Nat Carroll,Technician,212-555-0526,1
JB-5400,Jennifer Braxton,Admin,212-555-0527,1
TB-21250,Tim Brockman,Data Engineer,212-555-0528,1
PS-18970,Paul Stevenson,Technician,212-555-0529,1
BB-11545,Brenda Bowman,Admin,212-555-0530,3
SG-10470,Sheri Gordon,Data Engineer,212-555-0531,1
SP-20920,Susan Pistek,Technician,212-555-0532,1
Dp-13240,Dean percer,Admin,212-555-0533,1
GZ-14470,Gary Zandusky,Data Engineer,212-555-0534,1
AH-10075,Adam Hart,Technician,212-555-0535,1
CB-2025,Cassandra Brandow,Admin,212-555-0536,2
SC-20050,Sample Company A,Data Engineer,212-555-0537,1
SC-10230,Scot Coram,Technician,212-555-0538,1
JS-15595,Jill Stevenson,Admin,212-555-0539,1
BS-11380,Bill Stewart,Data Engineer,212-555-0540,1
JL-5130,Jack Lebron,Technician,212-555-0541,1
AS-10090,Adam Shillingsburg,Admin,212-555-0542,1
EL-13735,Ed Ludwig,Data Engineer,212-555-0543,1
FH-14275,Frank Hawley,Technician,212-555-0544,1
OT-18730,Olvera Toch,Admin,212-555-0545,1
SM-10320,Sean Miller,Data Engineer,212-555-0546,3
PM-19135,Peter McVee,Technician,212-555-0547,3
TS-11430,Tom Stivers,Admin,212-555-0548,1
LS-17245,Lynn Smith,Data Engineer,212-555-0549,1
SF-20200,Sarah Foster,Technician,212-555-0550,1
CM-11815,Candace McMahon,Admin,212-555-0551,1
FG-14260,Frank Gastineau,Data Engineer,212-555-0552,1
KN-6705,Kristina Nunn,Technician,212-555-0553,1
TB-11520,Tracy Blumstein,Admin,212-555-0554,1
JB-15400,Jennifer Braxton,Data Engineer,212-555-0555,1
KH-16510,Keith Herrera,Technician,212-555-0556,1
DL-13330,Denise Leinenbach,Admin,212-555-0557,1
KN-16390,Katherine Nockton,Data Engineer,212-555-0558,1
SV-20935,Susan Vittorini,Technician,212-555-0559,1
MD-17860,Michael Dominguez,Admin,212-555-0560,1
LS-17200,Luke Schmidt,Data Engineer,212-555-0561,1
CM-12445,Chuck Magee,Technician,212-555-0562,1
SS-20140,Saphhira Shifley,Admin,212-555-0563,1
GH-14425,Gary Hwang,Data Engineer,212-555-0564,1
SM-20320,Sean Miller,Technician,212-555-0565,3
GR-14560,Georgia Rosenberg,Admin,212-555-0566,3
TS-21370,Todd Sumrall,Data Engineer,212-555-0567,1
DH-3675,Duane Huffman,Technician,212-555-0568,1
MM-8280,Muhammed MacIntyre,Admin,212-555-0569,1
PM-9135,Peter McVee,Data Engineer,212-555-0570,3
GP-4740,Guy Phonely,Technician,212-555-0571,3
AF-10870,Art Ferguson,Admin,212-555-0572,3
TS-21505,Tony Sayre,Data Engineer,212-555-0573,3
BM-11575,Brendan Murry,Technician,212-555-0574,3
AH-10030,Aaron Hawkins,Admin,212-555-0575,3
AG-10495,Andrew Gjertsen,Data Engineer,212-555-0576,1
AG-675,Anna Gayman,Technician,212-555-0577,1
SW-20755,Steven Ward,Admin,212-555-0578,1
SK-19990,Sally Knutson,Data Engineer,212-555-0579,1
AG-10900,Arthur Gainer,Technician,212-555-0580,1
AJ-960,Astrea Jones,Admin,212-555-0581,1
MC-7275,Marc Crier,Data Engineer,212-555-0582,1
ER-13855,Elpida Rittenbach,Technician,212-555-0583,1
EJ-13720,Ed Jacobs,Admin,212-555-0584,1
DH-13675,Duane Huffman,Data Engineer,212-555-0585,1
HE-14800,Harold Engle,Technician,212-555-0586,1
KT-16480,Kean Thornton,Admin,212-555-0587,1
SB-20170,Sarah Bern,Data Engineer,212-555-0588,1
EM-14140,Eugene Moren,Technician,212-555-0589,1
VT-21700,Valerie Takahito,Admin,212-555-0590,1
JS-15880,John Stevenson,Data Engineer,212-555-0591,3
BC-11125,Becky Castell,Technician,212-555-0592,1
NF-18595,Nicole Fjeld,Admin,212-555-0593,3
RH-9600,Rob Haberlin,Data Engineer,212-555-0594,1
CS-11950,Carlos Soltero,Technician,212-555-0595,1
CM-12235,Chris McAfee,Admin,212-555-0596,1
LW-16825,Laurel Workman,Data Engineer,212-555-0597,1
RD-19585,Rob Dowd,Technician,212-555-0598,2
BT-11680,Brian Thompson,Admin,212-555-0599,1
MD-7860,Michael Dominguez,Data Engineer,212-555-0600,1
CC-12145,Charles Crestani,Technician,212-555-0601,1
XP-21865,Xylona Preis,Admin,212-555-0602,1
ML-17410,Maris LaWare,Data Engineer,212-555-0603,1
BS-11665,Brian Stugart,Technician,212-555-0604,1
SC-20230,Scot Coram,Admin,212-555-0605,1
QJ-19255,Quincy Jones,Data Engineer,212-555-0606,1
RE-19450,Richard Eichhorn,Technician,212-555-0607,1
CP-2085,Cathy Prescott,Admin,212-555-0608,1
JK-5730,Joe Kamberova,Data Engineer,212-555-0609,1
HZ-14950,Henia Zydlo,Technician,212-555-0610,1
AR-10570,Anemone Ratner,Admin,212-555-0611,1
EH-14005,Erica Hernandez,Data Engineer,212-555-0612,1
JR-15700,Jocasta Rupert,Technician,212-555-0613,1
PL-18925,Paul Lucas,Admin,212-555-0614,1
TC-21145,Theresa Coyne,Data Engineer,212-555-0615,1
DG-13300,Deirdre Greer,Technician,212-555-0616,3
Dl-13600,Dorris liebe,Admin,212-555-0617,3
NC-18415,Nathan Cano,Data Engineer,212-555-0618,1
EB-13930,Eric Barreto,Technician,212-555-0619,3
CP-12085,Cathy Prescott,Admin,212-555-0620,3
SM-20005,Sally Matthias,Data Engineer,212-555-0621,3
JR-15670,Jim Radford,Technician,212-555-0622,1
DL-12925,Daniel Lacy,Admin,212-555-0623,1
FM-14290,Frank Merwin,Data Engineer,212-555-0624,1
DP-13165,David Philippe,Technician,212-555-0625,1
CK-12595,Clytie Kelty,Admin,212-555-0626,1
CM-11830,Cari MacIntyre,Data Engineer,212-555-0627,1
PP-18955,Paul Prost,Technician,212-555-0628,1
MM-17260,Magdelene Morse,Admin,212-555-0629,1
ME-17320,Maria Etezadi,Data Engineer,212-555-0630,1
CS-12490,Cindy Schnelling,Technician,212-555-0631,1
GH-14410,Gary Hansen,Admin,212-555-0632,1
MC-17635,Matthew Clasen,Data Engineer,212-555-0633,1
LM-7065,Liz MacKendrick,Technician,212-555-0634,1
AR-10510,Andrew Roberts,Admin,212-555-0635,1
JH-15910,Jonathan Howell,Data Engineer,212-555-0636,1
DK-3375,Dennis Kane,Technician,212-555-0637,2
EG-13900,Emily Grady,Admin,212-555-0638,1
AS-10630,Ann Steele,Data Engineer,212-555-0639,1
CL-11890,Carl Ludwig,Technician,212-555-0640,1
CA-12265,Christina Anderson,Admin,212-555-0641,1
PF-19165,Philip Fox,Data Engineer,212-555-0642,1
DB-12970,Darren Budd,Technician,212-555-0643,1
CL-12565,Clay Ludtke,Admin,212-555-0644,1
MF-17665,Maureen Fritzler,Data Engineer,212-555-0645,1
IM-15055,Ionia McGrath,Technician,212-555-0646,1
EB-13975,Erica Bern,Admin,212-555-0647,1
AA-10315,Alex Avila,Data Engineer,212-555-0648,1
MV-17485,Mark Van Huff,Technician,212-555-0649,1
JW-15955,Joni Wasserman,Admin,212-555-0650,1
TS-21610,Troy Staebel,Data Engineer,212-555-0651,1
MC-17575,Matt Collins,Technician,212-555-0652,1
JF-5415,Jennifer Ferguson,Admin,212-555-0653,1
AH-10210,Alan Hwang,Data Engineer,212-555-0654,1
KD-16345,Katherine Ducich,Technician,212-555-0655,1
PG-18895,Paul Gonzalez,Admin,212-555-0656,1
HK-14890,Heather Kirkland,Data Engineer,212-555-0657,1
RR-19315,Ralph Ritter,Technician,212-555-0658,2
HH-5010,Hilary Holden,Admin,212-555-0659,1
SH-20635,Stefanie Holloman,Data Engineer,212-555-0660,1
AR-10825,Anthony Rawles,Technician,212-555-0661,1
RP-9855,Roy Phan,Admin,212-555-0662,1
LR-17035,Lisa Ryan,Data Engineer,212-555-0663,1
IM-5055,Ionia McGrath,Technician,212-555-0664,1
CK-12325,Christine Kargatis,Admin,212-555-0665,1
AS-285,Alejandro Savely,Data Engineer,212-555-0666,1
DK-12985,Darren Koutras,Technician,212-555-0667,1
EH-4185,Evan Henry,Admin,212-555-0668,1
ML-17395,Marina Lichtenstein,Data Engineer,212-555-0669,1
BF-11215,Benjamin Farhat,Technician,212-555-0670,1
MB-7305,Maria Bertelson,Admin,212-555-0671,1
CR-12580,Clay Rozendal,Data Engineer,212-555-0672,1
TB-21520,Tracy Blumstein,Technician,212-555-0673,1
KN-16450,Kean Nguyen,Admin,212-555-0674,1
HR-14770,Hallie Redmond,Data Engineer,212-555-0675,4
CK-12760,Cyma Kinney,Technician,212-555-0676,1
RO-9780,Rose O'Brian,Admin,212-555-0677,4
EN-13780,Edward Nazzal,Data Engineer,212-555-0678,1
AH-10465,Amy Hunt,Technician,212-555-0679,1
AH-10585,Angele Hood,Admin,212-555-0680,1
RB-9435,Richard Bierner,Data Engineer,212-555-0681,1
AG-525,Andy Gerbode,Technician,212-555-0682,1
AR-10345,Alex Russell,Admin,212-555-0683,1
MW-8220,Mitch Webber,Data Engineer,212-555-0684,1
AH-210,Alan Hwang,Technician,212-555-0685,1
TH-21235,Tiffany House,Admin,212-555-0686,1
LT-7110,Liz Thompson,Data Engineer,212-555-0687,1
HD-14785,Harold Dahlen,Technician,212-555-0688,2
MC-7575,Matt Collins,Admin,212-555-0689,1
MH-18025,Michelle Huthwaite,Data Engineer,212-555-0690,1
CC-2475,Cindy Chapman,Technician,212-555-0691,1
CM-12190,Charlotte Melton,Admin,212-555-0692,1
RA-19915,Russell Applegate,Data Engineer,212-555-0693,1
MT-18070,Michelle Tran,Technician,212-555-0694,1
JF-15415,Jennifer Ferguson,Admin,212-555-0695,1
ES-14020,Erica Smith,Data Engineer,212-555-0696,1
CC-12685,Craig Carroll,Technician,212-555-0697,2
IM-15070,Irene Maddox,Admin,212-555-0698,1
DA-13450,Dianna Arnett,Data Engineer,212-555-0699,1
SS-10410,Shahid Shariari,Technician,212-555-0700,1
BM-11650,Brian Moss,Admin,212-555-0701,1
SW-20350,Sean Wendt,Data Engineer,212-555-0702,1
CM-1830,Cari MacIntyre,Technician,212-555-0703,1
MY-17380,Maribeth Yedwab,Admin,212-555-0704,1
MS-7830,Melanie Seite,Data Engineer,212-555-0705,1
HG-14965,Henry Goldwyn,Technician,212-555-0706,1
DC-13285,Debra Catini,Admin,212-555-0707,1
DL-13315,Delfina Latchford,Data Engineer,212-555-0708,1
JK-15370,Jay Kimmel,Technician,212-555-0709,1
CH-2070,Cathy Hwang,Admin,212-555-0710,1
MH-7440,Mark Haberlin,Data Engineer,212-555-0711,1
MC-17845,Michael Chen,Technician,212-555-0712,1
PW-19030,Pauline Webber,Admin,212-555-0713,1
BS-11590,Brendan Sweed,Data Engineer,212-555-0714,1
DO-13435,Denny Ordway,Technician,212-555-0715,1
SG-20890,Susan Gilcrest,Admin,212-555-0716,1
SU-20665,Stephanie Ulpright,Data Engineer,212-555-0717,1
JC-16105,Julie Creighton,Technician,212-555-0718,1
TB-21190,Thomas Brumley,Admin,212-555-0719,1
SV-10785,Stewart Visinsky,Data Engineer,212-555-0720,1
VP-21760,Victoria Pisteka,Technician,212-555-0721,1
LR-16915,Lena Radford,Admin,212-555-0722,1
TH-21550,Tracy Hopkins,Data Engineer,212-555-0723,1
TC-11145,Theresa Coyne,Technician,212-555-0724,1
JL-15235,Janet Lee,Admin,212-555-0725,1
RK-19300,Ralph Kennedy,Data Engineer,212-555-0726,1
CC-12670,Craig Carreira,Technician,212-555-0727,1
DB-13555,Dorothy Badders,Admin,212-555-0728,1
SG-20605,Speros Goranitis,Data Engineer,212-555-0729,1
MG-17890,Michael Granlund,Technician,212-555-0730,1
MA-17560,Matt Abelman,Admin,212-555-0731,1
CB-12025,Cassandra Brandow,Data Engineer,212-555-0732,1
DH-13075,Dave Hallsten,Technician,212-555-0733,1
BT-11395,Bill Tyler,Admin,212-555-0734,1
TT-11265,Tim Taslimi,Data Engineer,212-555-0735,1
TH-11235,Tiffany House,Technician,212-555-0736,1
VG-21790,Vivek Gonzalez,Admin,212-555-0737,1
NW-18400,Natalie Webber,Data Engineer,212-555-0738,1
VP-21730,Victor Preis,Technician,212-555-0739,1
SS-20410,Shahid Shariari,Admin,212-555-0740,1
JE-15715,Joe Elijah,Data Engineer,212-555-0741,1
AG-270,Alejandro Grove,Technician,212-555-0742,1
BW-11200,Ben Wallace,Admin,212-555-0743,1
EK-13795,Eileen Kiefer,Data Engineer,212-555-0744,1
SG-20080,Sandra Glassco,Technician,212-555-0745,1
SC-10725,Steven Cartwright,Admin,212-555-0746,1
AG-10525,Andy Gerbode,Data Engineer,212-555-0747,1
MG-18145,Mike Gockenbach,Technician,212-555-0748,1
BD-11605,Brian Dahlen,Admin,212-555-0749,1
PB-19105,Peter Bühler,Data Engineer,212-555-0750,1
SC-20575,Sonia Cooley,Technician,212-555-0751,1
DO-3435,Denny Ordway,Admin,212-555-0752,1
CC-12220,Chris Cortes,Data Engineer,212-555-0753,3
TS-21430,Tom Stivers,Technician,212-555-0754,1
AZ-10750,Annie Zypern,Admin,212-555-0755,1
IG-15085,Ivan Gibson,Data Engineer,212-555-0756,1
SP-20860,Sung Pak,Technician,212-555-0757,1
KM-16225,Kalyca Meade,Admin,212-555-0758,1
KM-6720,Kunst Miller,Data Engineer,212-555-0759,1
MM-18055,Michelle Moray,Technician,212-555-0760,1
RB-19360,Raymond Buch,Admin,212-555-0761,1
NC-8415,Nathan Cano,Data Engineer,212-555-0762,1
SN-20710,Steve Nguyen,Technician,212-555-0763,3
DL-3330,Denise Leinenbach,Admin,212-555-0764,3
JG-15115,Jack Garza,Data Engineer,212-555-0765,1
CJ-11875,Carl Jackson,Technician,212-555-0766,3
AY-10555,Andy Yotov,Admin,212-555-0767,3
BV-11245,Benjamin Venier,Data Engineer,212-555-0768,1
PO-9195,Phillina Ober,Technician,212-555-0769,1
GZ-4545,George Zrebassa,Admin,212-555-0770,1
PN-18775,Parhena Norris,Data Engineer,212-555-0771,1
SC-20800,Stuart Calhoun,Technician,212-555-0772,1
AC-10615,Ann Chong,Admin,212-555-0773,1
VB-21745,Victoria Brennan,Data Engineer,212-555-0774,1
TT-11460,Tonja Turnell,Technician,212-555-0775,1
AC-10420,Alyssa Crouse,Admin,212-555-0776,1
CG-12040,Catherine Glotzbach,Data Engineer,212-555-0777,1
TR-11325,Toby Ritter,Technician,212-555-0778,1
SC-20440,Shaun Chance,Admin,212-555-0779,1
BT-11305,Beth Thompson,Data Engineer,212-555-0780,3
JB-15925,Joni Blumstein,Technician,212-555-0781,1
GW-14605,Giulietta Weimer,Admin,212-555-0782,1
SC-20725,Steven Cartwright,Data Engineer,212-555-0783,1
EH-13765,Edward Hooks,Technician,212-555-0784,1
YS-21880,Yana Sorensen,Admin,212-555-0785,1
FO-14305,Frank Olsen,Data Engineer,212-555-0786,1
RP-19855,Roy Phan,Technician,212-555-0787,1
AB-10600,Ann Blume,Admin,212-555-0788,1
KB-16240,Karen Bern,Data Engineer,212-555-0789,2
KA-16525,Kelly Andreada,Technician,212-555-0790,1
EM-3960,Eric Murdock,Admin,212-555-0791,1
JD-15790,John Dryer,Data Engineer,212-555-0792,1
JL-15850,John Lucas,Technician,212-555-0793,1
JW-16075,Julia West,Admin,212-555-0794,1
LL-6840,Lauren Leatherbury,Data Engineer,212-555-0795,1
TH-21100,Thea Hendricks,Technician,212-555-0796,1
MC-17275,Marc Crier,Admin,212-555-0797,1
NG-8430,Nathan Gelder,Data Engineer,212-555-0798,1
KD-16615,Ken Dana,Technician,212-555-0799,1
MC-17605,Matt Connell,Admin,212-555-0800,1
JK-15625,Jim Karlsson,Data Engineer,212-555-0801,1
TS-11505,Tony Sayre,Technician,212-555-0802,1
LD-6855,Lela Donovan,Admin,212-555-0803,1
LP-17080,Liz Pelletier,Data Engineer,212-555-0804,1
CV-12805,Cynthia Voltz,Technician,212-555-0805,1
MO-17500,Mary O'Rourke,Admin,212-555-0806,1
MS-17530,MaryBeth Skach,Data Engineer,212-555-0807,1
GA-14515,George Ashbrook,Technician,212-555-0808,1
CS-12355,Christine Sundaresam,Admin,212-555-0809,1
GM-14500,Gene McClure,Data Engineer,212-555-0810,1
CC-2670,Craig Carreira,Technician,212-555-0811,1
MN-17935,Michael Nguyen,Admin,212-555-0812,1
JM-16195,Justin MacKendrick,Data Engineer,212-555-0813,1
DB-13615,Doug Bickford,Technician,212-555-0814,1
PK-18910,Paul Knutson,Admin,212-555-0815,1
LS-16945,Linda Southworth,Data Engineer,212-555-0816,1
JK-15730,Joe Kamberova,Technician,212-555-0817,1
SW-10275,Scott Williamson,Admin,212-555-0818,1
MC-18100,Mick Crebagga,Data Engineer,212-555-0819,1
EH-13945,Eric Hoffmann,Technician,212-555-0820,1
LC-16930,Linda Cazamias,Admin,212-555-0821,1
MA-17995,Michelle Arnett,Data Engineer,212-555-0822,1
SP-20650,Stephanie Phelps,Technician,212-555-0823,1
JH-15430,Jennifer Halladay,Admin,212-555-0824,1
ML-17755,Max Ludwig,Data Engineer,212-555-0825,2
PC-18745,Pamela Coakley,Technician,212-555-0826,2
KE-16420,Katrina Edelman,Admin,212-555-0827,1
EM-4200,Evan Minnotte,Data Engineer,212-555-0828,1
DW-13480,Dianna Wilson,Technician,212-555-0829,1
SC-10680,Steve Carroll,Admin,212-555-0830,1
JG-15805,John Grady,Data Engineer,212-555-0831,1
LL-16840,Lauren Leatherbury,Technician,212-555-0832,1
PV-8985,Paul Van Hugh,Admin,212-555-0833,1
PO-19180,Philisse Overcash,Data Engineer,212-555-0834,3
SH-19975,Sally Hughsby,Technician,212-555-0835,1
GA-14725,Guy Armstrong,Admin,212-555-0836,1
GT-4755,Guy Thornton,Data Engineer,212-555-0837,1
PR-18880,Patrick Ryan,Technician,212-555-0838,1
AG-10765,Anthony Garverick,Admin,212-555-0839,1
SE-20110,Sanjit Engle,Data Engineer,212-555-0840,1
JB-16045,Julia Barnett,Technician,212-555-0841,1
JM-5580,Jill Matthias,Admin,212-555-0842,1
JO-15280,Jas O'Carroll,Data Engineer,212-555-0843,1
LP-17095,Liz Preis,Technician,212-555-0844,1
EJ-14155,Eva Jacobs,Admin,212-555-0845,1
VW-21775,Victoria Wilson,Data Engineer,212-555-0846,1
GM-14455,Gary Mitchum,Technician,212-555-0847,1
BF-1080,Bart Folk,Admin,212-555-0848,1
SM-20905,Susan MacKendrick,Data Engineer,212-555-0849,1
BO-1425,Bobby Odegard,Technician,212-555-0850,1
AW-10930,Arthur Wiediger,Admin,212-555-0851,1
JP-15460,Jennifer Patt,Data Engineer,212-555-0852,1
AS-10240,Alan Shonely,Technician,212-555-0853,1
TB-11625,Trudy Brown,Admin,212-555-0854,1
JP-5520,Jeremy Pistek,Data Engineer,212-555-0855,1
BD-11770,Bryan Davis,Technician,212-555-0856,1
BD-11635,Brian Derr,Admin,212-555-0857,1
CC-2370,Christopher Conant,Data Engineer,212-555-0858,1
PO-8850,Patrick O'Brill,Technician,212-555-0859,1
TZ-21445,Tom Zandusky,Admin,212-555-0860,1
RB-19435,Richard Bierner,Data Engineer,212-555-0861,1
JE-15475,Jeremy Ellison,Technician,212-555-0862,1
AI-10855,Arianne Irving,Admin,212-555-0863,1
MH-17440,Mark Haberlin,Data Engineer,212-555-0864,1
JE-6165,Justin Ellison,Technician,212-555-0865,1
DS-13180,David Smith,Admin,212-555-0866,1
AC-10660,Anna Chung,Data Engineer,212-555-0867,1
MH-17455,Mark Hamilton,Technician,315-234-5436,1
CC-12430,Chuck Clark,Admin,315-234-5437,1
NG-18355,Nat Gilpin,Data Engineer,315-234-5438,1
RC-19825,Roy Collins,Technician,315-234-5439,1
JD-16015,Joy Daniels,Admin,315-234-5440,1
JH-5910,Jonathan Howell,Data Engineer,315-234-5441,1
SC-10695,Steve Chapman,Technician,315-234-5442,1
RD-9930,Russell D'Ascenzo,Admin,315-234-5443,1
LC-6930,Linda Cazamias,Data Engineer,315-234-5444,1
DW-13195,David Wiener,Technician,315-234-5445,1
RD-19900,Ruben Dartt,Admin,315-234-5446,1
MV-18190,Mike Vittorini,Data Engineer,315-234-5447,1
RD-19480,Rick Duston,Technician,315-234-5448,1
SV-20365,Seth Vernon,Admin,315-234-5449,1
LS-17230,Lycoris Saunders,Data Engineer,315-234-5450,1
GD-14590,Giulietta Dortch,Technician,315-234-5451,1
EB-13750,Edward Becker,Admin,315-234-5452,1
KH-6360,Katherine Hughes,Data Engineer,315-234-5453,1
BF-11275,Beth Fritzler,Technician,315-234-5454,1
NG-18430,Nathan Gelder,Admin,315-234-5455,1
Co-12640,Corey-Lock,Data Engineer,315-234-5456,1
SF-20965,Sylvia Foulston,Technician,315-234-5457,1
KB-16405,Katrina Bavinger,Admin,315-234-5458,1
LC-16870,Lena Cacioppo,Data Engineer,315-234-5459,1
JL-15505,Jeremy Lonsdale,Technician,315-234-5460,2
BD-11725,Bruce Degenhardt,Admin,315-234-5461,1
TM-21010,Tamara Manning,Data Engineer,315-234-5462,2
AB-150,Aimee Bixby,Technician,315-234-5463,1
BW-11065,Barry Weirich,Admin,315-234-5464,1
FM-14380,Fred McMath,Data Engineer,315-234-5465,1
PC-8745,Pamela Coakley,Technician,315-234-5466,1
BN-1470,Brad Norvell,Admin,315-234-5467,1
AH-10120,Adrian Hane,Data Engineer,315-234-5468,1
LF-17185,Luke Foster,Technician,315-234-5469,1
DJ-13630,Doug Jacobs,Admin,315-234-5470,1
SJ-20125,Sanjit Jacobs,Data Engineer,315-234-5471,1
ML-18265,Muhammed Lee,Technician,315-234-5472,1
SF-10965,Sylvia Foulston,Admin,315-234-5473,1
PO-8865,Patrick O'Donnell,Data Engineer,315-234-5474,1
MH-17290,Marc Harrigan,Technician,315-234-5475,1
NR-18550,Nick Radford,Admin,315-234-5476,1
MK-17905,Michael Kennedy,Data Engineer,315-234-5477,1
DB-13660,Duane Benoit,Technician,315-234-5478,1
PH-18790,Patricia Hirasaki,Admin,315-234-5479,1
AB-10165,Alan Barnes,Data Engineer,315-234-5480,1
CA-12055,Cathy Armstrong,Technician,315-234-5481,1
JF-5295,Jason Fortune-,Admin,315-234-5482,1
KT-16465,Kean Takahito,Data Engineer,315-234-5483,1
RB-9705,Roger Barcio,Technician,315-234-5484,1
BD-1725,Bruce Degenhardt,Admin,315-234-5485,1
EB-13705,Ed Braxton,Data Engineer,315-234-5486,1
MG-17875,Michael Grace,Technician,315-234-5487,1
MG-17650,Matthew Grinstein,Admin,315-234-5488,1
AG-10270,Alejandro Grove,Data Engineer,315-234-5489,1
NP-8685,Nora Pelletier,Technician,315-234-5490,1
AS-630,Ann Steele,Admin,315-234-5491,1
SC-20680,Steve Carroll,Data Engineer,315-234-5492,1
MC-17590,Matt Collister,Technician,315-234-5493,1
TP-11415,Tom Prescott,Admin,315-234-5494,1
HH-15010,Hilary Holden,Data Engineer,315-234-5495,1
BT-11485,Brad Thomas,Technician,315-234-5496,3
EB-13870,Emily Burns,Admin,315-234-5497,1
JP-15520,Jeremy Pistek,Data Engineer,315-234-5498,2
CM-2115,Chad McGuire,Technician,315-234-5499,1
EA-14035,Erin Ashbrook,Admin,315-234-5500,1
FH-14350,Fred Harton,Data Engineer,315-234-5501,1
BS-1800,Bryan Spruell,Technician,315-234-5502,1
AA-10375,Allen Armold,Admin,315-234-5503,3
BN-11515,Bradley Nguyen,Data Engineer,315-234-5504,1
EG-3900,Emily Grady,Technician,315-234-5505,3
RE-19405,Ricardo Emerson,Admin,315-234-5506,1
ND-18460,Neil Ducich,Data Engineer,315-234-5507,1
TT-21460,Tonja Turnell,Technician,315-234-5508,3
ML-18040,Michelle Lonsdale,Admin,315-234-5509,1
JL-5505,Jeremy Lonsdale,Data Engineer,315-234-5510,1
SP-20545,Sibella Parks,Technician,315-234-5511,1
SF-10065,Sandra Flanagan,Admin,315-234-5512,1
AS-10045,Aaron Smayling,Data Engineer,315-234-5513,1
TT-11220,Thomas Thornton,Technician,315-234-5514,1
AH-10195,Alan Haines,Admin,315-234-5515,1
KH-6630,Ken Heidel,Data Engineer,315-234-5516,1
AA-10645,Anna Andreadi,Technician,315-234-5517,1
JL-15130,Jack Lebron,Admin,315-234-5518,1
KM-6375,Katherine Murray,Data Engineer,315-234-5519,1
LS-16975,Lindsay Shagiari,Technician,315-234-5520,1
KL-16645,Ken Lonsdale,Admin,315-234-5521,1
EH-14185,Evan Henry,Data Engineer,315-234-5522,1
KW-6570,Kelly Williams,Technician,315-234-5523,2
DB-3060,Dave Brooks,Admin,315-234-5524,1
FA-14230,Frank Atkinson,Data Engineer,315-234-5525,3
JF-15565,Jill Fjeld,Technician,315-234-5526,1
LO-7170,Lori Olson,Admin,315-234-5527,3
KB-6315,Karl Braun,Data Engineer,315-234-5528,1
BS-11755,Bruce Stewart,Technician,315-234-5529,3
RB-19465,Rick Bensley,Admin,315-234-5530,1
HF-14995,Herbert Flentye,Data Engineer,315-234-5531,1
MP-17965,Michael Paige,Technician,315-234-5532,1
JJ-15445,Jennifer Jackson,Admin,315-234-5533,1
LC-17140,Logan Currie,Data Engineer,315-234-5534,1
TT-11070,Ted Trevino,Technician,315-234-5535,1
BF-11020,Barry Französisch,Admin,315-234-5536,1
ES-14080,Erin Smith,Data Engineer,315-234-5537,1
FC-14335,Fred Chung,Technician,315-234-5538,1
TS-21160,Theresa Swint,Admin,315-234-5539,1
RE-9450,Richard Eichhorn,Data Engineer,315-234-5540,1
JC-15340,Jasper Cacioppo,Technician,315-234-5541,1
MH-17785,Maya Herman,Admin,315-234-5542,1
RF-19840,Roy Französisch,Data Engineer,315-234-5543,1
PG-18820,Patrick Gardner,Technician,315-234-5544,1
DO-13645,Doug O'Connell,Admin,315-234-5545,1
SC-10305,Sean Christensen,Data Engineer,315-234-5546,1
TN-21040,Tanja Norvell,Technician,315-234-5547,1
DR-12880,Dan Reichenbach,Admin,315-234-5548,1
EB-3975,Erica Bern,Data Engineer,315-234-5549,1
NS-8505,Neola Schneider,Technician,315-234-5550,1
SF-20065,Sandra Flanagan,Admin,315-234-5551,1
RA-19285,Ralph Arnett,Data Engineer,315-234-5552,1
LT-17110,Liz Thompson,Technician,315-234-5553,1
BF-11170,Ben Ferrer,Admin,315-234-5554,1
AR-825,Anthony Rawles,Data Engineer,315-234-5555,1
SD-20485,Shirley Daniels,Technician,315-234-5556,1
GW-4605,Giulietta Weimer,Admin,315-234-5557,1
DB-13120,David Bremer,Data Engineer,315-234-5558,1
JC-5775,John Castell,Technician,315-234-5559,1
ND-8460,Neil Ducich,Admin,315-234-5560,2
TC-11295,Toby Carlisle,Data Engineer,315-234-5561,1
DM-2955,Dario Medina,Technician,315-234-5562,1
PJ-9015,Pauline Johnson,Admin,315-234-5563,1
JH-5820,John Huston,Data Engineer,315-234-5564,2
ME-18010,Michelle Ellison,Technician,315-234-5565,1
AH-10690,Anna Häberlin,Admin,315-234-5566,2
RD-19660,Robert Dilbeck,Data Engineer,315-234-5567,1
CD-1980,Carol Darley,Technician,315-234-5568,1
CL-2565,Clay Ludtke,Admin,315-234-5569,2
MO-7800,Meg O'Connel,Data Engineer,315-234-5570,1
CR-2580,Clay Rozendal,Technician,315-234-5571,1
TC-10980,Tamara Chand,Admin,315-234-5572,1
RD-9900,Ruben Dartt,Data Engineer,315-234-5573,1
CS-12250,Chris Selesnick,Technician,315-234-5574,1
CH-12070,Cathy Hwang,Admin,315-234-5575,1
JF-15355,Jay Fein,Data Engineer,315-234-5576,1
AS-135,Adrian Shami,Technician,315-234-5577,3
SP-20620,Stefania Perrino,Admin,315-234-5578,3
EC-14050,Erin Creighton,Data Engineer,315-234-5579,1
IG-5085,Ivan Gibson,Technician,315-234-5580,1
TB-21355,Todd Boyes,Admin,315-234-5581,1
MH-17620,Matt Hagelstein,Data Engineer,315-234-5582,3
GT-14755,Guy Thornton,Technician,315-234-5583,1
DF-13135,David Flashing,Admin,315-234-5584,3
AS-240,Alan Shonely,Data Engineer,315-234-5585,1
PG-8820,Patrick Gardner,Technician,315-234-5586,1
JS-6030,Joy Smith,Admin,315-234-5587,1
SS-20590,Sonia Sunley,Data Engineer,315-234-5588,1
CS-2490,Cindy Schnelling,Technician,315-234-5589,1
CM-2715,Craig Molinari,Admin,315-234-5590,1
BM-1140,Becky Martin,Data Engineer,315-234-5591,1
RD-19720,Roger Demir,Technician,315-234-5592,1
LD-17005,Lisa DeCherney,Admin,315-234-5593,1
EB-3705,Ed Braxton,Data Engineer,315-234-5594,1
RH-19555,Ritsa Hightower,Technician,315-234-5595,1
JP-6135,Julie Prescott,Admin,315-234-5596,1
PB-9210,Phillip Breyer,Data Engineer,315-234-5597,1
LC-16960,Lindsay Castell,Technician,315-234-5598,1
JC-15385,Jenna Caffey,Admin,315-234-5599,1
IL-15100,Ivan Liston,Data Engineer,315-234-5600,1
SW-10245,Scot Wooten,Technician,315-234-5601,1
CP-2340,Christine Phan,Admin,315-234-5602,1
NS-18640,Noel Staavos,Data Engineer,315-234-5603,3
TR-21325,Toby Ritter,Technician,315-234-5604,1
NF-8385,Natalie Fritzler,Admin,315-234-5605,1
TZ-21580,Tracy Zic,Data Engineer,315-234-5606,1
TB-11055,Ted Butterfield,Technician,315-234-5607,1
AJ-10795,Anthony Johnson,Admin,315-234-5608,1
GH-14485,Gene Hale,Data Engineer,315-234-5609,1
AG-10300,Aleksandra Gannaway,Technician,315-234-5610,1
EH-3945,Eric Hoffmann,Admin,315-234-5611,1
JD-6150,Justin Deggeller,Data Engineer,315-234-5612,1
KH-16360,Katherine Hughes,Technician,315-234-5613,1
JB-6045,Julia Barnett,Admin,315-234-5614,1
AH-585,Angele Hood,Data Engineer,315-234-5615,1
MS-7530,MaryBeth Skach,Technician,315-234-5616,1
HA-14905,Helen Abelman,Admin,315-234-5617,1
JG-15310,Jason Gross,Data Engineer,315-234-5618,1
CD-1920,Carlos Daly,Technician,315-234-5619,1
TC-21535,Tracy Collins,Admin,315-234-5620,1
PB-9105,Peter Bühler,Data Engineer,315-234-5621,1
AR-10405,Allen Rosenblatt,Technician,315-234-5622,1
NK-18490,Neil Knudson,Admin,315-234-5623,1
MG-7695,Maureen Gnade,Data Engineer,315-234-5624,1
AJ-10945,Ashley Jarboe,Technician,315-234-5625,1
RS-19420,Ricardo Sperren,Admin,315-234-5626,3
SC-20770,Stewart Carmichael,Data Engineer,315-234-5627,1
LM-17065,Liz MacKendrick,Technician,315-234-5628,1
DP-13000,Darren Powers,Admin,315-234-5629,1
RD-9660,Robert Dilbeck,Data Engineer,315-234-5630,1
LB-16735,Larry Blacks,Technician,315-234-5631,3
MZ-17515,Mary Zewe,Admin,315-234-5632,1
ER-3855,Elpida Rittenbach,Data Engineer,315-234-5633,1
MS-17710,Maurice Satty,Technician,315-234-5634,1
LC-6960,Lindsay Castell,Admin,315-234-5635,1
GZ-14545,George Zrebassa,Data Engineer,315-234-5636,1
JK-5625,Jim Karlsson,Technician,315-234-5637,1
JJ-15760,Joel Jenkins,Admin,315-234-5638,1
CA-2265,Christina Anderson,Data Engineer,315-234-5639,1
CC-2220,Chris Cortes,Technician,315-234-5640,1
KL-6555,Kelly Lampkin,Admin,315-234-5641,1
CS-2175,Charles Sheldon,Data Engineer,315-234-5642,1
KL-16555,Kelly Lampkin,Technician,315-234-5643,1
RD-9810,Ross DeVincentis,Admin,315-234-5644,1
AJ-945,Ashley Jarboe,Data Engineer,315-234-5645,1
CC-2685,Craig Carroll,Technician,315-234-5646,1
LO-17170,Lori Olson,Admin,315-234-5647,1
DE-13255,Deanra Eno,Data Engineer,315-234-5648,1
RF-9345,Randy Ferguson,Technician,315-234-5649,1
SC-20020,Sam Craven,Admin,315-234-5650,1
DW-13585,Dorothy Wardle,Data Engineer,315-234-5651,1
EM-4065,Erin Mull,Technician,315-234-5652,1
TD-20995,Tamara Dahlen,Admin,315-234-5653,1
BD-11320,Bill Donatelli,Data Engineer,315-234-5654,1
CW-11905,Carl Weiss,Technician,315-234-5655,1
CK-2325,Christine Kargatis,Admin,315-234-5656,2
BP-11095,Bart Pistole,Data Engineer,315-234-5657,1
DV-3465,Dianna Vittorini,Technician,315-234-5658,1
MY-7380,Maribeth Yedwab,Admin,315-234-5659,1
PB-9150,Philip Brown,Data Engineer,315-234-5660,1
AG-10390,Allen Goldenen,Technician,315-234-5661,1
KW-16570,Kelly Williams,Admin,315-234-5662,1
JF-5190,Jamie Frazer,Data Engineer,315-234-5663,1
GB-14575,Giulietta Baptist,Technician,315-234-5664,1
MR-7545,Mathew Reese,Admin,315-234-5665,1
MO-17950,Michael Oakman,Data Engineer,315-234-5666,1
TA-11385,Tom Ashbrook,Technician,315-234-5667,1
JM-5655,Jim Mitchum,Admin,315-234-5668,1
JS-5880,John Stevenson,Data Engineer,315-234-5669,1
HP-14815,Harold Pawlan,Technician,315-234-5670,1
CS-12400,Christopher Schild,Admin,315-234-5671,1
DE-3255,Deanra Eno,Data Engineer,315-234-5672,1
JD-6015,Joy Daniels,Technician,315-234-5673,1
CR-2730,Craig Reiter,Admin,315-234-5674,1
RC-9960,Ryan Crowe,Data Engineer,315-234-5675,1
AO-10810,Anthony O'Donnell,Technician,315-234-5676,1
TB-11250,Tim Brockman,Admin,315-234-5677,1
RA-9285,Ralph Arnett,Data Engineer,315-234-5678,1
MG-8205,Mitch Gastineau,Technician,315-234-5679,1
MY-8295,Muhammed Yedwab,Admin,315-234-5680,1
SR-20425,Sharelle Roach,Data Engineer,315-234-5681,1
BT-1530,Bradley Talbott,Technician,315-234-5682,3
LS-7245,Lynn Smith,Admin,315-234-5683,3
AB-10255,Alejandro Ballentine,Data Engineer,315-234-5684,1
TH-21115,Thea Hudgings,Technician,315-234-5685,1
LC-6885,Lena Creighton,Admin,315-234-5686,1
AC-660,Anna Chung,Data Engineer,315-234-5687,1
EM-14095,Eudokia Martin,Technician,315-234-5688,1
BO-11350,Bill Overfelt,Admin,315-234-5689,1
DM-3015,Darrin Martin,Data Engineer,315-234-5690,1
DD-13570,Dorothy Dickinson,Technician,315-234-5691,1
KN-16705,Kristina Nunn,Admin,315-234-5692,1
HM-14980,Henry MacAllister,Data Engineer,315-234-5693,1
FM-4215,Filia McAdams,Technician,315-234-5694,1
JO-15145,Jack O'Briant,Admin,315-234-5695,1
TC-11535,Tracy Collins,Data Engineer,315-234-5696,1
JK-15205,Jamie Kunitz,Technician,315-234-5697,1
DA-3450,Dianna Arnett,Admin,315-234-5698,1
DB-12910,Daniel Byrd,Data Engineer,315-234-5699,1
EH-4005,Erica Hernandez,Technician,315-234-5700,1
DN-13690,Duane Noonan,Admin,315-234-5701,1
AS-10135,Adrian Shami,Data Engineer,315-234-5702,1
MC-18130,Mike Caudle,Technician,315-234-5703,1
MM-18280,Muhammed MacIntyre,Admin,315-234-5704,1
RL-9615,Rob Lucas,Data Engineer,315-234-5705,1
MA-7560,Matt Abelman,Technician,315-234-5706,1
HG-4845,Harry Greene,Admin,315-234-5707,1
PB-8805,Patrick Bzostek,Data Engineer,315-234-5708,1
RW-19630,Rob Williams,Technician,315-234-5709,1
BT-11440,Bobby Trafton,Admin,315-234-5710,1
JC-5385,Jenna Caffey,Data Engineer,315-234-5711,1
HR-4770,Hallie Redmond,Technician,315-234-5712,1
DB-3615,Doug Bickford,Admin,315-234-5713,1
JK-6120,Julie Kriz,Data Engineer,315-234-5714,1
SW-20455,Shaun Weien,Technician,315-234-5715,1
GH-4425,Gary Hwang,Admin,315-234-5716,1
GB-4575,Giulietta Baptist,Data Engineer,315-234-5717,3
PA-19060,Pete Armstrong,Technician,315-234-5718,1
CA-2775,Cynthia Arntzen,Admin,315-234-5719,1
CV-12295,Christina VanderZanden,Data Engineer,315-234-5720,1
PO-9180,Philisse Overcash,Technician,315-234-5721,1
NC-18535,Nick Crebassa,Admin,315-234-5722,1
GZ-4470,Gary Zandusky,Data Engineer,315-234-5723,1
AM-360,Alice McCarthy,Technician,315-234-5724,1
AA-480,Andrew Allen,Admin,315-234-5725,1
TB-21595,Troy Blackwell,Data Engineer,315-234-5726,1
KH-16630,Ken Heidel,Technician,315-234-5727,1
TS-21655,Trudy Schmidt,Admin,315-234-5728,1
CD-11980,Carol Darley,Data Engineer,315-234-5729,1
DB-13360,Dennis Bolton,Technician,315-234-5730,1
SK-9990,Sally Knutson,Admin,315-234-5731,1
PT-19090,Pete Takahito,Data Engineer,315-234-5732,1
EH-13990,Erica Hackney,Technician,315-234-5733,3
ME-17725,Max Engle,Admin,315-234-5734,1
ZD-21925,Zuschuss Donatelli,Data Engineer,315-234-5735,3
MW-8235,Mitch Willingham,Technician,315-234-5736,1
BP-11050,Barry Pond,Admin,315-234-5737,1
RC-19960,Ryan Crowe,Data Engineer,315-234-5738,1
PN-8775,Parhena Norris,Technician,315-234-5739,1
CB-12535,Claudia Bergmann,Admin,315-234-5740,1
LR-7035,Lisa Ryan,Data Engineer,315-234-5741,3
JG-5160,James Galang,Technician,315-234-5742,3
SC-10845,Sung Chung,Admin,315-234-5743,1
DK-13225,Dean Katz,Data Engineer,315-234-5744,1
CG-2520,Claire Gute,Technician,315-234-5745,1
RS-19870,Roy Skaria,Admin,315-234-5746,1
DK-2835,Damala Kotsonis,Data Engineer,315-234-5747,1
CM-2385,Christopher Martinez,Technician,315-234-5748,1
JE-5745,Joel Eaton,Admin,315-234-5749,1
CA-1965,Carol Adams,Data Engineer,315-234-5750,1
Dl-3600,Dorris liebe,Technician,315-234-5751,2
DL-2865,Dan Lawera,Admin,315-234-5752,1
CM-2445,Chuck Magee,Data Engineer,315-234-5753,1
DB-13270,Deborah Brumfield,Technician,315-234-5754,1
EB-4110,Eugene Barchas,Admin,315-234-5755,1
BD-11620,Brian DeCherney,Data Engineer,315-234-5756,1
MN-7935,Michael Nguyen,Technician,315-234-5757,1
DB-2910,Daniel Byrd,Admin,315-234-5758,1
LH-7155,Logan Haushalter,Data Engineer,315-234-5759,1
JS-5940,Joni Sundaresam,Technician,315-234-5760,3
GH-4410,Gary Hansen,Admin,315-234-5761,1
SC-10380,Shahid Collister,Data Engineer,315-234-5762,1
SL-10155,Sara Luxemburg,Technician,315-234-5763,2
EK-3795,Eileen Kiefer,Admin,315-234-5764,1
PH-8790,Patricia Hirasaki,Data Engineer,315-234-5765,1
HD-4785,Harold Dahlen,Technician,315-234-5766,1
CM-2190,Charlotte Melton,Admin,315-234-5767,3
AR-570,Anemone Ratner,Data Engineer,315-234-5768,1
BT-1305,Beth Thompson,Technician,315-234-5769,3
MH-7785,Maya Herman,Admin,315-234-5770,1
SC-10260,Scott Cohen,Data Engineer,315-234-5771,1
LW-7125,Liz Willingham,Technician,315-234-5772,1
SM-10905,Susan MacKendrick,Admin,315-234-5773,1
TT-21265,Tim Taslimi,Data Engineer,315-234-5774,1
EJ-3720,Ed Jacobs,Technician,315-234-5775,1
RS-9765,Roland Schwarz,Admin,315-234-5776,1
EM-4095,Eudokia Martin,Data Engineer,315-234-5777,1
AJ-10960,Astrea Jones,Technician,315-234-5778,1
BD-1770,Bryan Davis,Admin,315-234-5779,1
BE-1410,Bobby Elias,Data Engineer,315-234-5780,1
KC-6255,Karen Carlisle,Technician,315-234-5781,1
DV-3045,Darrin Van Huff,Admin,315-234-5782,3
JD-5895,Jonathan Doherty,Data Engineer,315-234-5783,1
JM-5865,John Murray,Technician,315-234-5784,1
JK-5205,Jamie Kunitz,Admin,315-234-5785,1
CL-2700,Craig Leslie,Data Engineer,315-234-5786,1
GG-4650,Greg Guthrie,Technician,315-234-5787,1
LS-6945,Linda Southworth,Admin,315-234-5788,1
JL-5850,John Lucas,Data Engineer,315-234-5789,1
VP-11760,Victoria Pisteka,Technician,315-234-5790,1
NF-8595,Nicole Fjeld,Admin,315-234-5791,1
LE-16810,Laurel Elliston,Data Engineer,315-234-5792,1
JJ-5445,Jennifer Jackson,Technician,315-234-5793,1
CS-2130,Chad Sievert,Admin,315-234-5794,1
BM-1575,Brendan Murry,Data Engineer,315-234-5795,1
AC-615,Ann Chong,Technician,315-234-5796,1
HG-5025,Hunter Glantz,Admin,315-234-5797,3
TB-11400,Tom Boeckenhauer,Data Engineer,315-234-5798,3
RB-9330,Randy Bradley,Technician,315-234-5799,1
JP-5460,Jennifer Patt,Admin,315-234-5800,1
JL-5175,James Lanier,Data Engineer,315-234-5801,3
AA-315,Alex Avila,Technician,315-234-5802,1
TS-11370,Todd Sumrall,Admin,315-234-5803,1
SS-10140,Saphhira Shifley,Data Engineer,315-234-5804,1
DP-3000,Darren Powers,Technician,315-234-5805,1
JS-5685,Jim Sink,Admin,315-234-5806,1
PW-19240,Pierre Wener,Data Engineer,315-234-5807,1
NW-8400,Natalie Webber,Technician,315-234-5808,1
TS-11340,Toby Swindell,Admin,315-234-5809,1
JH-5985,Joseph Holt,Data Engineer,315-234-5810,1
NG-8355,Nat Gilpin,Technician,315-234-5811,1
FP-14320,Frank Preis,Admin,315-234-5812,1
SH-20395,Shahid Hopkins,Data Engineer,315-234-5813,1
JP-16135,Julie Prescott,Technician,315-234-5814,1
JM-5250,Janet Martin,Admin,315-234-5815,1
MA-7995,Michelle Arnett,Data Engineer,315-234-5816,1
DR-2940,Daniel Raglin,Technician,315-234-5817,1
BF-1020,Barry Französisch,Admin,315-234-5818,1
CS-2400,Christopher Schild,Data Engineer,315-234-5819,3
JM-15535,Jessica Myrick,Technician,315-234-5820,1
JS-15940,Joni Sundaresam,Admin,315-234-5821,1
AF-870,Art Ferguson,Data Engineer,315-234-5822,1
NP-8670,Nora Paige,Technician,315-234-5823,4
SU-10665,Stephanie Ulpright,Admin,315-234-5824,1
RD-9585,Rob Dowd,Data Engineer,315-234-5825,1
TP-21565,Tracy Poddar,Technician,315-234-5826,1
LA-6780,Laura Armstrong,Admin,315-234-5827,1
LH-7020,Lisa Hazard,Data Engineer,315-234-5828,1
JE-5475,Jeremy Ellison,Technician,315-234-5829,1
ES-4080,Erin Smith,Admin,315-234-5830,1
EM-4140,Eugene Moren,Data Engineer,315-234-5831,1
DS-13030,Darrin Sayre,Technician,315-234-5832,1
ZD-11925,Zuschuss Donatelli,Admin,315-234-5833,1
JO-5550,Jesus Ocampo,Data Engineer,315-234-5834,1
TB-11595,Troy Blackwell,Technician,315-234-5835,1
GM-4500,Gene McClure,Admin,315-234-5836,1
DD-3570,Dorothy Dickinson,Data Engineer,315-234-5837,1
FH-4365,Fred Hopkins,Technician,315-234-5838,1
MK-18160,Mike Kennedy,Admin,315-234-5839,3
NM-8445,Nathan Mautz,Data Engineer,315-234-5840,1
JF-5355,Jay Fein,Technician,315-234-5841,1
BF-975,Barbara Fisher,Admin,315-234-5842,1
SS-20875,Sung Shariari,Data Engineer,315-234-5843,3
PF-9165,Philip Fox,Technician,315-234-5844,1
SV-10365,Seth Vernon,Admin,315-234-5845,1
BB-10990,Barry Blumstein,Data Engineer,315-234-5846,1
PW-9240,Pierre Wener,Technician,315-234-5847,1
JF-15490,Jeremy Farry,Admin,315-234-5848,1
CW-1905,Carl Weiss,Data Engineer,315-234-5849,1
LC-7140,Logan Currie,Technician,315-234-5850,1
HK-4890,Heather Kirkland,Admin,315-234-5851,1
BT-1440,Bobby Trafton,Data Engineer,315-234-5852,3
RD-19810,Ross DeVincentis,Technician,315-234-5853,1
KL-6645,Ken Lonsdale,Admin,315-234-5854,1
VG-11805,Vivek Grady,Data Engineer,315-234-5855,1
PF-9225,Phillip Flathmann,Technician,315-234-5856,1
AB-15,Aaron Bergman,Admin,315-234-5857,1
LW-6990,Lindsay Williams,Data Engineer,315-234-5858,1
PS-8970,Paul Stevenson,Technician,315-234-5859,1
LW-17125,Liz Willingham,Admin,315-234-5860,1
MC-7590,Matt Collister,Data Engineer,315-234-5861,1
JO-15550,Jesus Ocampo,Technician,315-234-5862,1
SJ-10125,Sanjit Jacobs,Admin,315-234-5863,1
SS-20515,Shirley Schmidt,Data Engineer,315-234-5864,1
RB-19645,Robert Barroso,Technician,315-234-5865,1
BP-1050,Barry Pond,Admin,315-234-5866,3
PG-8895,Paul Gonzalez,Data Engineer,315-234-5867,1
RM-19750,Roland Murray,Technician,315-234-5868,1
KM-6225,Kalyca Meade,Admin,315-234-5869,1
AH-120,Adrian Hane,Data Engineer,315-234-5870,1
BM-1785,Bryan Mills,Technician,315-234-5871,1
NR-8550,Nick Radford,Admin,315-234-5872,1
EB-14170,Evan Bailliet,Data Engineer,315-234-5873,1
PB-19150,Philip Brown,Technician,315-234-5874,1
TP-11130,Theone Pippenger,Admin,315-234-5875,1
KN-6450,Kean Nguyen,Data Engineer,315-234-5876,1
RD-9720,Roger Demir,Technician,315-234-5877,1
RS-9870,Roy Skaria,Admin,315-234-5878,1
EB-3840,Ellis Ballard,Data Engineer,315-234-5879,1
TC-21475,Tony Chapman,Technician,315-234-5880,1
BH-1710,Brosina Hoffman,Admin,315-234-5881,1
MH-7620,Matt Hagelstein,Data Engineer,315-234-5882,1
PT-9090,Pete Takahito,Technician,315-234-5883,1
DC-2850,Dan Campbell,Admin,315-234-5884,1
AG-900,Arthur Gainer,Data Engineer,315-234-5885,1
DC-12850,Dan Campbell,Technician,315-234-5886,1
JF-5565,Jill Fjeld,Admin,315-234-5887,1
SR-10740,Steven Roelle,Data Engineer,315-234-5888,1
MK-7905,Michael Kennedy,Technician,315-234-5889,1
JK-5370,Jay Kimmel,Admin,315-234-5890,1
GM-4680,Greg Matthias,Data Engineer,315-234-5891,1
PC-9000,Pauline Chand,Technician,315-234-5892,1
DL-3315,Delfina Latchford,Admin,315-234-5893,1
JL-5235,Janet Lee,Data Engineer,315-234-5894,1
BB-990,Barry Blumstein,Technician,315-234-5895,1
RP-9390,Resi Pölking,Admin,315-234-5896,1
ES-4020,Erica Smith,Data Engineer,315-234-5897,1
MH-7455,Mark Hamilton,Technician,315-234-5898,1
JD-5790,John Dryer,Admin,315-234-5899,1
DB-3270,Deborah Brumfield,Data Engineer,315-234-5900,1
PK-9075,Pete Kriz,Technician,315-234-5901,1
NM-8520,Neoma Murray,Admin,315-234-5902,1
MO-7500,Mary O'Rourke,Data Engineer,315-234-5903,1
SG-10890,Susan Gilcrest,Technician,315-234-5904,1
MF-8250,Monica Federle,Admin,315-234-5905,1
JG-5310,Jason Gross,Data Engineer,315-234-5906,1
YS-11880,Yana Sorensen,Technician,315-234-5907,1
FC-4245,Frank Carlisle,Admin,315-234-5908,1
BW-1110,Bart Watters,Data Engineer,315-234-5909,1
BS-1590,Brendan Sweed,Technician,315-234-5910,1
CS-2460,Chuck Sachs,Admin,315-234-5911,1
MH-7290,Marc Harrigan,Data Engineer,315-234-5912,1
KE-6420,Katrina Edelman,Technician,315-234-5913,1
AJ-780,Anthony Jacobs,Admin,315-234-5914,1
MM-7920,Michael Moore,Data Engineer,315-234-5915,1
ML-8265,Muhammed Lee,Technician,315-234-5916,1
RR-9315,Ralph Ritter,Admin,315-234-5917,1
JF-5490,Jeremy Farry,Data Engineer,315-234-5918,1
AG-765,Anthony Garverick,Technician,315-234-5919,1
DS-3030,Darrin Sayre,Admin,315-234-5920,1
AH-75,Adam Hart,Data Engineer,315-234-5921,1
NB-18580,Nicole Brennan,Technician,315-234-5922,1
KD-6270,Karen Daniels,Admin,315-234-5923,1
MJ-7740,Max Jones,Data Engineer,315-234-5924,1
DM-3525,Don Miller,Technician,315-234-5925,1
GH-4665,Greg Hansen,Admin,315-234-5926,1
RM-9675,Robert Marley,Data Engineer,315-234-5927,1
TS-11610,Troy Staebel,Technician,315-234-5928,1
PR-8880,Patrick Ryan,Admin,315-234-5929,1
HP-4815,Harold Pawlan,Data Engineer,315-234-5930,2
EC-4050,Erin Creighton,Technician,315-234-5931,1
BF-1005,Barry Franz,Admin,315-234-5932,1
SC-10050,Sample Company A,Data Engineer,315-234-5933,1
DM-3345,Denise Monton,Technician,315-234-5934,1
CD-2280,Christina DeMoss,Admin,315-234-5935,3
BP-1095,Bart Pistole,Data Engineer,315-234-5936,1
TC-11475,Tony Chapman,Technician,315-234-5937,1
DW-3540,Don Weiss,Admin,315-234-5938,1
BE-1455,Brad Eason,Data Engineer,315-234-5939,1
AH-195,Alan Haines,Technician,315-234-5940,1
DO-3645,Doug O'Connell,Admin,315-234-5941,1
CA-2055,Cathy Armstrong,Data Engineer,315-234-5942,3
LP-7080,Liz Pelletier,Technician,315-234-5943,1
BN-1515,Bradley Nguyen,Admin,315-234-5944,3
NK-8490,Neil Knudson,Data Engineer,315-234-5945,1
AR-510,Andrew Roberts,Technician,315-234-5946,1
VM-11835,Vivian Mathis,Admin,315-234-5947,1
TH-11115,Thea Hudgings,Data Engineer,315-234-5948,1
AB-165,Alan Barnes,Technician,315-234-5949,1
LB-6735,Larry Blacks,Admin,315-234-5950,1
GA-4515,George Ashbrook,Data Engineer,315-234-5951,1
DJ-3630,Doug Jacobs,Technician,315-234-5952,1
LT-6765,Larry Tron,Admin,315-234-5953,1
SG-10080,Sandra Glassco,Data Engineer,315-234-5954,1
TB-11175,Thomas Boland,Technician,315-234-5955,1
AP-915,Arthur Prichep,Admin,315-234-5956,1
ON-8715,Odella Nelson,Data Engineer,315-234-5957,1
SB-10290,Sean Braxton,Technician,315-234-5958,1
AJ-795,Anthony Johnson,Admin,315-234-5959,1
TP-11565,Tracy Poddar,Data Engineer,315-234-5960,1
ML-8040,Michelle Lonsdale,Technician,315-234-5961,2
LC-6870,Lena Cacioppo,Admin,315-234-5962,1
AB-105,Adrian Barton,Data Engineer,315-234-5963,1
AW-840,Anthony Witt,Technician,315-234-5964,1
JO-5280,Jas O'Carroll,Admin,315-234-5965,1
ME-7320,Maria Etezadi,Data Engineer,315-234-5966,1
SW-10455,Shaun Weien,Technician,315-234-5967,1
LP-7095,Liz Preis,Admin,315-234-5968,1
DW-3195,David Wiener,Data Engineer,315-234-5969,1
SC-10770,Stewart Carmichael,Technician,315-234-5970,1
HE-4800,Harold Engle,Admin,315-234-5971,1
DL-3495,Dionis Lloyd,Data Engineer,315-234-5972,1
EJ-4155,Eva Jacobs,Technician,315-234-5973,1
JH-6180,Justin Hirsh,Admin,315-234-5974,1
DK-3150,David Kendrick,Data Engineer,315-234-5975,1
XP-11865,Xylona Preis,Technician,315-234-5976,1
KT-6480,Kean Thornton,Admin,315-234-5977,1
MB-8085,Mick Brown,Data Engineer,315-234-5978,1
AR-345,Alex Russell,Technician,315-234-5979,1
BD-1320,Bill Donatelli,Admin,315-234-5980,1
DP-3165,David Philippe,Data Engineer,315-234-5981,1
KD-6495,Keith Dawkins,Technician,315-234-5982,1
CK-2595,Clytie Kelty,Admin,315-234-5983,1
SB-10170,Sarah Bern,Data Engineer,315-234-5984,1
JJ-5760,Joel Jenkins,Technician,315-234-5985,1
GH-4485,Gene Hale,Admin,315-234-5986,1
DB-3555,Dorothy Badders,Data Engineer,315-234-5987,1
LB-6795,Laurel Beltran,Technician,315-234-5988,1
KT-6465,Kean Takahito,Admin,315-234-5989,1
GA-4725,Guy Armstrong,Data Engineer,315-234-5990,1
DK-3090,Dave Kipp,Technician,315-234-5991,1
SS-10590,Sonia Sunley,Admin,315-234-5992,1
SD-10485,Shirley Daniels,Data Engineer,315-234-5993,1
TS-21085,Thais Sissman,Technician,315-234-5994,1
RA-9945,Ryan Akin,Admin,315-234-5995,1
JO-5145,Jack O'Briant,Data Engineer,315-234-5996,1
LW-7215,Luke Weiss,Technician,315-234-5997,1
RB-9645,Robert Barroso,Admin,315-234-5998,1
MV-7485,Mark Van Huff,Data Engineer,315-234-5999,1
BW-1200,Ben Wallace,Technician,315-234-6000,1
CC-2610,Corey Catlett,Admin,315-234-6001,1
BD-1560,Brendan Dodson,Data Engineer,315-234-6002,1
CS-2505,Cindy Stewart,Technician,315-234-6003,1
VT-11700,Valerie Takahito,Admin,315-234-6004,1
MC-7845,Michael Chen,Data Engineer,315-234-6005,1
KH-6690,Kristen Hastings,Technician,315-234-6006,1
VS-11820,Vivek Sundaresam,Admin,315-234-6007,1
NF-8475,Neil Französisch,Data Engineer,315-234-6008,1
TB-11190,Thomas Brumley,Technician,315-234-6009,3
TS-11205,Thomas Seio,Admin,315-234-6010,1
TD-10995,Tamara Dahlen,Data Engineer,315-234-6011,1
EB-3750,Edward Becker,Technician,315-234-6012,1
AH-690,Anna Häberlin,Admin,315-234-6013,1
TB-11280,Toby Braunhardt,Data Engineer,315-234-6014,1
AM-705,Anne McFarland,Technician,315-234-6015,1
BD-1620,Brian DeCherney,Admin,315-234-6016,1
KF-6285,Karen Ferguson,Data Engineer,315-234-6017,1
BE-1335,Bill Eplett,Technician,315-234-6018,1
HA-4905,Helen Abelman,Admin,315-234-6019,1
ND-8370,Natalie DeCherney,Data Engineer,315-234-6020,1
AA-645,Anna Andreadi,Technician,315-234-6021,1
CC-2430,Chuck Clark,Admin,315-234-6022,1
PL-8925,Paul Lucas,Data Engineer,315-234-6023,1
SO-10335,Sean O'Donnell,Technician,315-234-6024,1
AY-555,Andy Yotov,Admin,315-234-6025,1
JB-6000,Joy Bell-,Data Engineer,315-234-6026,1
SN-10560,Skye Norling,Technician,315-234-6027,1
AH-465,Amy Hunt,Admin,315-234-6028,1
HW-4935,Helen Wasserman,Data Engineer,315-234-6029,1
MC-7425,Mark Cousins,Technician,315-234-6030,2
BT-1680,Brian Thompson,Admin,315-234-6031,1
MG-7650,Matthew Grinstein,Data Engineer,315-234-6032,1
CB-2415,Christy Brittain,Technician,315-234-6033,2
CK-2760,Cyma Kinney,Admin,315-234-6034,1
AG-330,Alex Grayson,Data Engineer,315-234-6035,1
MK-8160,Mike Kennedy,Technician,315-234-6036,2
NC-8625,Noah Childs,Admin,315-234-6037,1
MO-7950,Michael Oakman,Data Engineer,315-234-6038,1
HF-4995,Herbert Flentye,Technician,315-234-6039,1
SJ-10215,Sarah Jordon,Admin,315-234-6040,3
AO-810,Anthony O'Donnell,Data Engineer,315-234-6041,1
RM-9375,Raymond Messe,Technician,315-234-6042,1
MM-8055,Michelle Moray,Admin,315-234-6043,1
DN-3690,Duane Noonan,Data Engineer,315-234-6044,1
EB-3930,Eric Barreto,Technician,315-234-6045,1
NH-8610,Nicole Hansen,Admin,315-234-6046,1
EL-3735,Ed Ludwig,Data Engineer,315-234-6047,1
PS-8760,Pamela Stobb,Technician,315-234-6048,1
ST-10530,Shui Tom,Admin,315-234-6049,1
RH-9510,Rick Huthwaite,Data Engineer,315-234-6050,1
BD-1605,Brian Dahlen,Technician,315-234-6051,1
SC-10440,Shaun Chance,Admin,315-234-6052,1
CG-2040,Catherine Glotzbach,Data Engineer,315-234-6053,1
TG-11310,Toby Gnade,Technician,315-234-6054,3
FO-4305,Frank Olsen,Admin,315-234-6055,3
CS-1950,Carlos Soltero,Data Engineer,315-234-6056,1
LE-6810,Laurel Elliston,Technician,315-234-6057,1
DR-2880,Dan Reichenbach,Admin,315-234-6058,1
JR-5700,Jocasta Rupert,Data Engineer,315-234-6059,1
MS-7710,Maurice Satty,Technician,315-234-6060,1
PM-8940,Paul MacIntyre,Admin,315-234-6061,1
AZ-750,Annie Zypern,Data Engineer,315-234-6062,1
AA-375,Allen Armold,Technician,315-234-6063,1
FM-4290,Frank Merwin,Admin,315-234-6064,1
CR-2820,Cyra Reiten,Data Engineer,315-234-6065,1
VB-11745,Victoria Brennan,Technician,315-234-6066,1
RH-19600,Rob Haberlin,Admin,315-234-6067,1
KH-6330,Katharine Harms,Data Engineer,315-234-6068,1
ME-7725,Max Engle,Technician,315-234-6069,1
FA-4230,Frank Atkinson,Admin,315-234-6070,1
GM-4455,Gary Mitchum,Data Engineer,315-234-6071,2
KH-6510,Keith Herrera,Technician,315-234-6072,1
CD-2790,Cynthia Delaney,Admin,315-234-6073,1
NB-8580,Nicole Brennan,Data Engineer,315-234-6074,1
CS-2250,Chris Selesnick,Technician,315-234-6075,1
SP-10920,Susan Pistek,Admin,315-234-6076,1
TH-11100,Thea Hendricks,Data Engineer,315-234-6077,1
DC-3285,Debra Catini,Technician,315-234-6078,1
CM-2655,Corinna Mitchell,Admin,315-234-6079,1
RF-9735,Roland Fjeld,Data Engineer,315-234-6080,1
LH-6750,Larry Hughes,Technician,315-234-6081,1
JM-5265,Janet Molinari,Admin,315-234-6082,1
CS-1845,Cari Sayre,Data Engineer,315-234-6083,1
CS-1860,Cari Schnelling,Technician,315-234-6084,1
BT-1485,Brad Thomas,Admin,315-234-6085,3
KB-6240,Karen Bern,Data Engineer,315-234-6086,1
KB-6600,Ken Brennan,Technician,315-234-6087,1
LS-7230,Lycoris Saunders,Admin,315-234-6088,1
MS-7365,Maribeth Schnelling,Data Engineer,315-234-6089,1
BG-1740,Bruce Geld,Technician,315-234-6090,1
HJ-4875,Heather Jas,Admin,315-234-6091,1
LR-6915,Lena Radford,Data Engineer,315-234-6092,1
JW-6075,Julia West,Technician,315-234-6093,1
DJ-3420,Denny Joy,Admin,315-234-6094,1
SP-10650,Stephanie Phelps,Data Engineer,315-234-6095,1
VM-21835,Vivian Mathis,Technician,315-234-6096,1
CM-1815,Candace McMahon,Admin,315-234-6097,1
MH-8025,Michelle Huthwaite,Data Engineer,315-234-6098,1
RD-9480,Rick Duston,Technician,315-234-6099,1
PW-9030,Pauline Webber,Admin,315-234-6100,1
EB-4170,Evan Bailliet,Data Engineer,315-234-6101,1
SM-10950,Suzanne McNair,Technician,315-234-6102,2
NP-8325,Naresj Patel,Admin,315-234-6103,1
MP-8175,Mike Pelletier,Data Engineer,315-234-6104,1
CM-2160,Charles McCrossin,Technician,315-234-6105,1
NP-8700,Nora Preis,Admin,315-234-6106,1
BP-1185,Ben Peterman,Data Engineer,315-234-6107,1
SW-10755,Steven Ward,Technician,315-234-6108,1
AC-450,Amy Cox,Admin,315-234-6109,1
SE-10110,Sanjit Engle,Data Engineer,315-234-6110,1
BS-1365,Bill Shonely,Technician,315-234-6111,1
RM-9750,Roland Murray,Admin,315-234-6112,1
BT-1395,Bill Tyler,Data Engineer,315-234-6113,1
BP-1155,Becky Pak,Technician,315-234-6114,1
GT-4635,Grant Thornton,Admin,315-234-6115,1
CM-1935,Carlos Meador,Data Engineer,315-234-6116,1
RE-9405,Ricardo Emerson,Technician,315-234-6117,1
KS-6300,Karen Seio,Admin,315-234-6118,1
TS-11160,Theresa Swint,Data Engineer,315-234-6119,1
ML-7395,Marina Lichtenstein,Technician,315-234-6120,1
BF-1170,Ben Ferrer,Admin,315-234-6121,1
NS-8640,Noel Staavos,Data Engineer,315-234-6122,1
RB-9570,Rob Beeghly,Technician,315-234-6123,1
FM-4380,Fred McMath,Admin,315-234-6124,1
AG-300,Aleksandra Gannaway,Data Engineer,315-234-6125,1
SW-10350,Sean Wendt,Technician,315-234-6126,1
JR-6210,Justin Ritter,Admin,315-234-6127,1
MD-7350,Maribeth Dona,Data Engineer,315-234-6128,2
ML-7755,Max Ludwig,Technician,315-234-6129,1
HA-4920,Helen Andreada,Admin,315-234-6130,1
AS-45,Aaron Smayling,Data Engineer,315-234-6131,1
BF-1215,Benjamin Farhat,Technician,315-234-6132,1
LH-6900,Lena Hernandez,Admin,315-234-6133,1
DP-3390,Dennis Pardue,Data Engineer,315-234-6134,1
DH-3075,Dave Hallsten,Technician,315-234-6135,1
HM-4860,Harry Marie,Admin,315-234-6136,1
SB-10185,Sarah Brown,Data Engineer,315-234-6137,1
RF-9840,Roy Französisch,Technician,315-234-6138,1
SV-10935,Susan Vittorini,Admin,315-234-6139,1
CS-2355,Christine Sundaresam,Data Engineer,315-234-6140,1
GM-4695,Greg Maxwell,Technician,315-234-6141,1
AT-435,Alyssa Tate,Admin,315-234-6142,1
MC-8130,Mike Caudle,Data Engineer,315-234-6143,1
FP-4320,Frank Preis,Technician,315-234-6144,1
DK-3225,Dean Katz,Admin,315-234-6145,1
VG-11790,Vivek Gonzalez,Data Engineer,315-234-6146,1
LF-7185,Luke Foster,Technician,315-234-6147,1
NC-8535,Nick Crebassa,Admin,315-234-6148,1
DB-3405,Denny Blanton,Data Engineer,315-234-6149,1
MH-8115,Mick Hernandez,Technician,315-234-6150,1
SA-10830,Sue Ann Reed,Admin,315-234-6151,1
JK-5640,Jim Kriz,Data Engineer,315-234-6152,1
VF-11715,Vicky Freymann,Technician,315-234-6153,1
VW-11775,Victoria Wilson,Admin,315-234-6154,2
SN-10710,Steve Nguyen,Data Engineer,315-234-6155,1
MS-7980,Michael Stewart,Technician,315-234-6156,1
AD-180,Alan Dominguez,Admin,315-234-6157,1
MC-8100,Mick Crebagga,Data Engineer,315-234-6158,1
JB-5925,Joni Blumstein,Technician,315-234-6159,1
JC-5340,Jasper Cacioppo,Admin,315-234-6160,1
MF-7665,Maureen Fritzler,Data Engineer,315-234-6161,3
RP-9270,Rachel Payne,Technician,315-234-6162,3
PF-9120,Peter Fuller,Admin,315-234-6163,1
DK-2895,Dana Kaydos,Data Engineer,315-234-6164,1
RW-9630,Rob Williams,Technician,315-234-6165,1
TM-11490,Tony Molinari,Admin,315-234-6166,2
Co-2640,Corey-Lock,Data Engineer,315-234-6167,1
EM-3810,Eleni McCrary,Technician,315-234-6168,3
JK-6090,Juliana Krohn,Admin,315-234-6169,1
JH-5430,Jennifer Halladay,Data Engineer,315-234-6170,1
AR-405,Allen Rosenblatt,Technician,315-234-6171,1
TZ-11580,Tracy Zic,Admin,315-234-6172,1
BG-1035,Barry Gonzalez,Data Engineer,315-234-6173,3
PS-9045,Penelope Sewall,Technician,315-234-6174,1
MS-7770,Maxwell Schwartz,Admin,315-234-6175,1
SS-10875,Sung Shariari,Data Engineer,315-234-6176,1
DB-2970,Darren Budd,Technician,315-234-6177,1
SS-10515,Shirley Schmidt,Admin,315-234-6178,3
AW-930,Arthur Wiediger,Data Engineer,315-234-6179,3
PK-8910,Paul Knutson,Technician,315-234-6180,1
GM-4440,Gary McGarr,Admin,315-234-6181,1
CY-2745,Craig Yedwab,Data Engineer,315-234-6182,3
RW-9690,Robert Waldorf,Technician,315-234-6183,1
CC-2100,Chad Cunningham,Admin,315-234-6184,3
KD-6345,Katherine Ducich,Data Engineer,315-234-6185,4
KN-6390,Katherine Nockton,Technician,315-234-6186,2
GT-4710,Greg Tran,Admin,315-234-6187,1
TS-11085,Thais Sissman,Data Engineer,315-234-6188,2
RR-9525,Rick Reed,Technician,315-234-6189,2
MT-7815,Meg Tillman,Admin,315-234-6190,3
JA-5970,Joseph Airdo,Data Engineer,315-234-6191,1
CB-2535,Claudia Bergmann,Technician,315-234-6192,3
AP-720,Anne Pryor,Admin,315-234-6193,1
SP-10860,Sung Pak,Data Engineer,315-234-6194,3
IL-5100,Ivan Liston,Technician,315-234-6195,2
VD-11670,Valerie Dominguez,Admin,315-234-6196,1
EH-3765,Edward Hooks,Data Engineer,315-234-6197,2
BS-1755,Bruce Stewart,Technician,315-234-6198,1
HL-5040,Hunter Lopez,Admin,315-234-6199,1
CA-2310,Christine Abelman,Data Engineer,315-234-6200,2
AC-420,Alyssa Crouse,Technician,315-234-6201,1
CC-2145,Charles Crestani,Admin,315-234-6202,1
KB-6585,Ken Black,Data Engineer,315-234-6203,1
JG-5115,Jack Garza,Technician,315-234-6204,1
GK-4620,Grace Kelly,Admin,315-234-6205,3
FW-4395,Fred Wasserman,Data Engineer,315-234-6206,1
VM-11685,Valerie Mitchum,Technician,315-234-6207,1
RB-9360,Raymond Buch,Admin,315-234-6208,1
AG-495,Andrew Gjertsen,Data Engineer,315-234-6209,1
IM-5070,Irene Maddox,Technician,315-234-6210,1
MC-7635,Matthew Clasen,Admin,315-234-6211,2
SH-10635,Stefanie Holloman,Data Engineer,315-234-6212,2
KC-6540,Kelly Collister,Technician,315-234-6213,1
QJ-9255,Quincy Jones,Admin,315-234-6214,2
JK-5325,Jason Klamczynski,Data Engineer,315-234-6215,1
AI-855,Arianne Irving,Technician,315-234-6216,2
SC-10095,Sanjit Chand,Admin,315-234-6217,1
CT-1995,Carol Triggs,Data Engineer,315-234-6218,1
PJ-8835,Patrick Jones,Technician,315-234-6219,1
JM-6195,Justin MacKendrick,Admin,315-234-6220,1
CV-2295,Christina VanderZanden,Data Engineer,315-234-6221,1
DB-3120,David Bremer,Technician,315-234-6222,1
NL-8310,Nancy Lomonaco,Admin,315-234-6223,2
BB-1545,Brenda Bowman,Data Engineer,315-234-6224,1
BV-1245,Benjamin Venier,Technician,315-234-6225,1
BS-1380,Bill Stewart,Admin,315-234-6226,1
KA-6525,Kelly Andreada,Data Engineer,315-234-6227,1
RB-9795,Ross Baird,Technician,315-234-6228,1
EP-3915,Emily Phan,Admin,315-234-6229,1
JS-5595,Jill Stevenson,Data Engineer,315-234-6230,1
JE-5610,Jim Epp,Technician,315-234-6231,1
CJ-1875,Carl Jackson,Admin,315-234-6232,1
TH-11550,Tracy Hopkins,Data Engineer,315-234-6233,4
HR-4830,Harold Ryan,Technician,315-234-6234,1
KC-6675,Kimberly Carter,Admin,315-234-6235,1
LS-7200,Luke Schmidt,Data Engineer,315-234-6236,1
DL-2925,Daniel Lacy,Technician,315-234-6237,1
WB-11850,William Brown,Admin,315-234-6238,1
SJ-10500,Shirley Jackson,Data Engineer,315-234-6239,1
DF-3135,David Flashing,Technician,315-234-6240,1
SZ-10035,Sam Zeldin,Admin,315-234-6241,2
CK-2205,Chloris Kastensmidt,Data Engineer,315-234-6242,1
TM-11010,Tamara Manning,Technician,315-234-6243,1
FC-4335,Fred Chung,Admin,315-234-6244,1
GB-4530,George Bell,Data Engineer,315-234-6245,1
BF-1275,Beth Fritzler,Technician,315-234-6246,1
NB-8655,Nona Balk,Admin,315-234-6247,1
EH-3990,Erica Hackney,Data Engineer,315-234-6248,1
SP-10545,Sibella Parks,Technician,315-234-6249,1
Dp-3240,Dean percer,Admin,315-234-6250,3
LW-6825,Laurel Workman,Data Engineer,315-234-6251,1
EN-3780,Edward Nazzal,Technician,315-234-6252,1
TZ-11445,Tom Zandusky,Admin,315-234-6253,2
KD-6615,Ken Dana,Data Engineer,315-234-6254,1
LD-7005,Lisa DeCherney,Technician,315-234-6255,1
CL-1890,Carl Ludwig,Admin,315-234-6256,1
HG-4965,Henry Goldwyn,Data Engineer,315-234-6257,1
BO-1350,Bill Overfelt,Technician,315-234-6258,1
YC-11895,Yoseph Carroll,Admin,315-234-6259,1
JM-5535,Jessica Myrick,Data Engineer,315-234-6260,1
RA-9885,Ruben Ausman,Technician,315-234-6261,1
KM-6660,Khloe Miller,Admin,315-234-6262,1
DW-3585,Dorothy Wardle,Data Engineer,315-234-6263,1
TS-11655,Trudy Schmidt,Technician,315-234-6264,2
RK-9300,Ralph Kennedy,Admin,315-234-6265,1
SC-10020,Sam Craven,Data Engineer,315-234-6266,1
AG-390,Allen Goldenen,Technician,315-234-6267,1
AT-735,Annie Thurman,Admin,315-234-6268,1
JW-5955,Joni Wasserman,Data Engineer,315-234-6269,1
AF-885,Art Foster,Technician,315-234-6270,1
KB-6405,Katrina Bavinger,Admin,315-234-6271,1
BP-1290,Beth Paige,Data Engineer,315-234-6272,2
OT-8730,Olvera Toch,Technician,315-234-6273,1
LS-6975,Lindsay Shagiari,Admin,315-234-6274,1
GD-4590,Giulietta Dortch,Data Engineer,315-234-6275,1
MP-7965,Michael Paige,Technician,315-234-6276,1
DS-3180,David Smith,Admin,315-234-6277,1
ED-3885,Emily Ducich,Data Engineer,315-234-6278,1
NZ-8565,Nick Zandusky,Technician,315-234-6279,1
JG-5805,John Grady,Admin,315-234-6280,2
EB-3870,Emily Burns,Data Engineer,315-234-6281,1
BG-1695,Brooke Gillingham,Technician,315-234-6282,1
SR-10425,Sharelle Roach,Admin,315-234-6283,1
AS-90,Adam Shillingsburg,Data Engineer,315-234-6284,2
SP-10620,Stefania Perrino,Technician,315-234-6285,2
SH-10395,Shahid Hopkins,Admin,315-234-6286,1
AR-540,Andy Reiter,Data Engineer,315-234-6287,1
CM-2235,Chris McAfee,Technician,315-234-6288,4
AS-225,Alan Schoenberger,Admin,315-234-6289,1
RA-9915,Russell Applegate,Data Engineer,315-234-6290,1
RS-9420,Ricardo Sperren,Technician,315-234-6291,1
TN-11040,Tanja Norvell,Admin,315-234-6292,1
VP-11730,Victor Preis,Data Engineer,315-234-6293,1
KW-6435,Katrina Willman,Technician,315-234-6294,1
PP-8955,Paul Prost,Admin,315-234-6295,1
SC-10575,Sonia Cooley,Data Engineer,315-234-6296,1
ML-7410,Maris LaWare,Technician,315-234-6297,1
CJ-2010,Caroline Jumper,Admin,315-234-6298,1
FG-4260,Frank Gastineau,Data Engineer,315-234-6299,1
TW-11025,Tamara Willingham,Technician,315-234-6300,1
DB-3210,Dean Braden,Admin,315-234-6301,1
EA-4035,Erin Ashbrook,Data Engineer,315-234-6302,1
EM-3825,Elizabeth Moffitt,Technician,315-234-6303,1
TB-11355,Todd Boyes,Admin,315-234-6304,1
ME-8010,Michelle Ellison,Data Engineer,315-234-6305,1
JE-5715,Joe Elijah,Technician,315-234-6306,1
MC-7605,Matt Connell,Admin,315-234-6307,1
FH-4350,Fred Harton,Data Engineer,315-234-6308,1
BC-1125,Becky Castell,Technician,315-234-6309,1
MG-7875,Michael Grace,Admin,315-234-6310,2
FH-4275,Frank Hawley,Data Engineer,315-234-6311,2
DK-2985,Darren Koutras,Technician,315-234-6312,1
BK-1260,Berenike Kampe,Admin,315-234-6313,1
MP-7470,Mark Packer,Data Engineer,315-234-6314,1
SC-10800,Stuart Calhoun,Electrician,212-398-2348,1
BD-1500,Bradley Drucker,Accountant,212-398-2349,2
RC-9825,Roy Collins,Manager,212-398-2350,1
MG-7890,Michael Granlund,Scientist,212-398-2351,1
ZC-11910,Zuschuss Carroll,Astronomer,212-398-2352,1
